student_id,study_hours,attendance,past_scores,result
1,14.982,99,2.531,1
2,38.029,96,4.503,1
3,29.28,96,9.576,1
4,23.946,99,3.99,0
5,6.241,95,8.398,0
6,6.24,100,1.885,1
7,2.323,98,6.725,0
8,34.647,100,9.77,1
9,24.045,98,1.019,1
10,28.323,100,0.083,0
11,0.823,95,4.336,0
12,38.796,100,0.926,1
13,33.298,100,7.484,0
14,8.494,97,9.145,0
15,7.273,100,4.34,0
16,7.336,97,2.587,1
17,12.17,96,4.344,0
18,20.99,99,7.234,1
19,17.278,100,0.091,1
20,11.649,96,5.895,0
21,24.474,97,6.133,0
22,5.58,100,6.377,0
23,11.686,100,2.42,1
24,14.654,95,7.141,0
25,18.243,96,0.914,1
26,31.407,98,1.993,1
27,7.987,98,8.775,0
28,20.569,95,7.387,1
29,23.697,97,0.137,1
30,1.858,98,2.484,1
31,24.302,98,2.144,1
32,6.821,99,2.708,1
33,2.602,96,2.476,1
34,37.955,97,0.625,1
35,38.625,100,4.589,1
36,32.336,96,7.327,1
37,12.185,97,6.067,0
38,3.907,98,6.729,0
39,27.369,99,0.811,0
40,17.606,96,9.515,1
41,4.882,98,8.385,0
42,19.807,97,8.051,1
43,1.376,96,8.23,0
44,36.373,100,9.327,1
45,10.351,96,5.443,0
46,26.501,98,2.003,1
47,12.468,96,6.168,0
48,20.803,100,7.429,1
49,21.868,99,7.379,0
50,7.394,99,5.214,0
51,38.783,98,0.685,1
52,31.005,97,3.711,0
53,37.58,98,9.208,1
54,35.793,99,5.844,1
55,23.916,95,5.383,1
56,36.875,95,2.689,1
57,3.54,96,3.684,1
58,7.839,100,8.953,0
59,1.809,96,6.665,0
60,13.013,95,7.874,0
61,15.547,99,4.543,1
62,10.854,96,6.302,0
63,33.15,98,2.484,0
64,14.27,100,7.055,0
65,11.237,98,4.276,0
66,21.708,100,4.425,1
67,5.637,99,6.493,0
68,32.088,96,9.363,1
69,2.982,100,0.64,1
70,39.475,98,8.247,1
71,30.89,96,2.924,1
72,7.949,96,4.439,0
73,0.221,98,0.219,1
74,32.618,95,3.01,1
75,28.274,100,5.026,1
76,29.16,98,0.562,1
77,30.851,99,4.911,1
78,2.962,97,9.271,0
79,14.339,98,1.054,1
80,4.635,96,7.644,0
81,34.524,96,4.097,0
82,24.932,98,6.552,0
83,13.236,97,2.602,1
84,2.542,98,1.595,1
85,12.439,97,1.605,1
86,13.007,97,0.705,1
87,29.184,99,1.856,1
88,25.502,100,6.642,1
89,35.489,96,8.817,1
90,18.889,96,8.141,1
91,4.784,97,6.851,0
92,28.53,96,1.104,1
93,30.431,95,2.892,1
94,22.451,97,3.098,1
95,30.839,96,2.5,1
96,19.752,95,5.15,0
97,20.909,99,5.356,0
98,17.102,96,3.569,1
99,1.017,95,3.538,1
100,4.316,98,8.286,0
101,1.257,100,7.893,0
102,25.456,98,3.078,1
103,12.574,95,9.138,0
104,20.343,97,9.528,1
105,36.303,97,3.267,1
106,9.972,96,3.544,1
107,16.415,98,5.056,1
108,30.222,97,9.411,0
109,9.152,97,8.763,0
110,3.079,98,1.026,1
111,11.59,99,3.927,1
112,6.449,97,5.534,0
113,37.188,100,5.031,1
114,32.325,95,1.939,0
115,25.336,96,8.588,1
116,34.858,97,6.769,0
117,32.147,100,8.379,1
118,7.463,100,8.588,0
119,35.702,97,7.484,1
120,21.574,99,4.392,1
121,32.298,95,6.105,1
122,35.844,96,1.604,1
123,12.72,97,6.736,0
124,4.402,96,1.793,1
125,9.117,98,6.939,0
126,17.084,100,2.296,1
127,32.721,100,1.176,1
128,34.429,97,1.653,1
129,0.278,97,0.02,1
130,20.43,98,7.187,1
131,16.696,99,7.324,1
132,8.884,97,5.149,0
133,4.795,100,1.614,1
134,13.505,96,0.836,1
135,37.716,95,0.191,1
136,12.928,96,1.657,1
137,20.752,99,8.909,0
138,28.121,95,2.415,1
139,14.545,96,3.543,1
140,38.871,96,1.053,1
141,38.498,98,2.224,1
142,10.071,99,5.192,0
143,19.89,100,6.078,0
144,12.035,98,2.454,1
145,11.394,95,0.577,1
146,1.475,100,3.91,1
147,24.383,98,2.342,1
148,20.107,99,2.196,1
149,2.059,97,9.599,0
150,11.146,97,6.163,0
151,36.331,95,5.569,1
152,9.582,97,4.158,0
153,5.796,98,4.289,0
154,19.578,95,5.409,1
155,39.426,100,6.964,1
156,9.682,99,7.021,0
157,26.885,95,1.717,1
158,30.465,100,5.001,1
159,9.506,95,4.12,0
160,29.129,96,8.705,0
161,14.711,96,6.314,0
162,25.292,95,5.325,0
163,25.341,97,1.154,1
164,21.431,96,6.056,1
165,3.612,99,1.172,1
166,33.412,100,3.372,1
167,12.831,98,1.428,1
168,7.461,96,6.921,0
169,1.631,95,2.063,1
170,23.636,97,3.919,1
171,27.103,98,8.957,1
172,0.664,100,2.043,1
173,20.484,100,5.078,1
174,9.06,96,4.193,0
175,25.807,100,0.181,1
176,6.975,100,7.928,0
177,27.638,97,0.69,1
178,15.469,97,4.743,0
179,37.469,97,5.607,1
180,5.501,95,6.284,0
181,13.643,100,6.886,0
182,4.539,100,2.533,1
183,36.988,100,0.1,1
184,35.094,99,7.234,0
185,10.318,97,5.357,0
186,26.399,98,8.361,0
187,32.689,96,8.214,1
188,22.208,98,8.433,0
189,21.186,95,4.851,1
190,9.674,95,3.336,1
191,3.724,100,7.916,0
192,35.889,98,4.513,1
193,36.017,100,1.834,1
194,25.324,99,8.55,1
195,13.561,95,8.826,0
196,13.968,95,4.663,0
197,29.038,98,0.757,1
198,35.884,95,3.878,1
199,35.483,99,8.035,1
200,31.195,99,9.018,1
201,25.681,99,2.035,1
202,3.366,96,0.67,1
203,6.465,99,8.774,0
204,35.942,99,3.894,1
205,24.257,96,5.418,1
206,0.368,100,9.681,0
207,4.059,97,0.666,1
208,26.54,95,6.483,1
209,0.202,99,0.741,1
210,6.432,95,3.755,1
211,21.949,98,8.038,1
212,27.676,95,4.335,1
213,26.078,100,9.972,1
214,8.971,96,5.591,0
215,28.487,95,3.212,1
216,9.49,95,2.201,1
217,13.016,95,3.505,1
218,29.86,97,3.725,1
219,25.985,97,0.687,1
220,33.969,98,3.696,1
221,26.305,96,4.642,0
222,22.732,95,7.227,1
223,3.747,95,6.567,0
224,14.709,95,7.088,0
225,10.608,95,0.084,1
226,9.76,97,2.177,1
227,38.92,100,6.617,1
228,15.724,100,4.84,1
229,35.682,98,0.053,1
230,25.246,99,8.045,1
231,31.792,96,7.728,1
232,20.105,100,5.484,1
233,23.076,95,0.665,0
234,19.701,100,7.665,1
235,7.81,98,5.837,0
236,28.898,99,7.82,1
237,11.231,100,7.517,0
238,0.973,98,8.03,0
239,25.819,97,5.18,1
240,7.084,99,1.403,1
241,37.618,98,6.712,1
242,38.157,100,6.205,0
243,36.595,97,7.423,1
244,14.806,98,1.699,1
245,0.618,98,1.95,1
246,37.133,100,8.904,1
247,17.127,99,7.5,0
248,38.666,97,9.082,0
249,38.545,95,7.587,0
250,34.12,96,5.972,1
251,11.778,99,6.541,0
252,15.404,97,8.891,0
253,34.045,98,5.788,1
254,12.677,97,6.324,0
255,6.78,96,1.565,1
256,22.272,100,4.739,0
257,37.446,96,7.164,1
258,27.841,95,2.709,1
259,22.802,95,2.023,1
260,3.887,96,3.138,1
261,24.6,99,2.415,1
262,39.602,99,2.149,1
263,5.603,98,4.249,0
264,20.733,95,9.078,1
265,35.095,98,5.071,0
266,29.631,95,1.879,1
267,27.881,96,0.77,1
268,28.099,99,6.962,1
269,14.38,99,3.828,1
270,11.744,96,8.218,0
271,32.374,98,6.595,0
272,32.405,98,7.962,1
273,34.683,97,2.719,1
274,36.53,95,6.924,1
275,20.454,98,2.641,1
276,20.061,96,9.391,1
277,31.932,98,6.364,0
278,25.999,99,3.245,1
279,28.079,95,2.695,1
280,31.832,100,1.909,0
281,35.6,97,6.946,1
282,13.52,95,2.187,1
283,15.023,99,5.953,1
284,3.759,99,2.646,1
285,23.131,99,6.62,1
286,1.438,99,8.149,0
287,18.624,96,7.78,0
288,21.706,97,7.609,1
289,11.462,100,1.877,1
290,23.633,99,0.884,1
291,1.22,99,6.989,0
292,1.494,98,3.683,1
293,32.904,97,4.323,1
294,14.408,95,0.311,1
295,5.082,97,2.596,1
296,20.89,97,0.337,0
297,30.8,100,8.792,1
298,8.633,97,2.434,1
299,24.916,100,5.573,0
300,3.414,99,0.39,1
301,2.067,99,6.668,0
302,21.254,96,3.23,1
303,21.625,100,8.979,1
304,25.497,100,8.881,1
305,29.044,95,3.253,0
306,39.034,98,9.01,1
307,20.652,97,9.962,1
308,12.918,95,8.254,0
309,31.807,100,8.449,1
310,10.833,95,2.49,1
311,17.559,96,5.767,1
312,3.138,98,0.673,1
313,1.014,100,0.949,1
314,38.506,100,9.989,1
315,33.439,97,3.266,1
316,27.839,98,7.482,1
317,16.358,96,8.067,1
318,6.932,99,8.58,0
319,6.257,95,9.976,0
320,10.01,97,2.415,1
321,21.969,100,0.404,1
322,28.584,99,4.112,1
323,26.408,96,1.301,1
324,11.197,98,0.224,1
325,38.195,95,3.604,1
326,29.516,97,7.837,1
327,22.174,100,5.662,1
328,24.469,100,3.128,1
329,16.784,99,6.543,1
330,9.909,99,2.32,1
331,14.239,95,0.144,1
332,30.314,98,7.644,1
333,0.576,96,6.237,0
334,4.643,98,7.623,0
335,1.84,98,0.389,1
336,1.629,98,8.371,0
337,34.218,95,6.195,1
338,28.146,95,5.634,0
339,18.967,96,6.246,0
340,3.913,98,8.644,0
341,19.665,95,5.869,0
342,18.939,96,5.81,1
343,6.928,100,9.907,0
344,17.354,96,7.567,1
345,15.94,98,4.423,1
346,24.634,97,7.074,1
347,25.404,98,3.892,1
348,1.812,97,2.289,1
349,14.985,96,5.969,0
350,25.034,100,9.282,1
351,20.125,100,9.291,1
352,34.26,95,3.419,1
353,26.348,100,5.277,1
354,6.517,99,2.116,1
355,2.823,96,9.956,0
356,25.697,95,9.811,1
357,1.06,100,6.495,0
358,23.431,96,8.044,1
359,37.609,98,7.151,1
360,23.019,100,5.932,0
361,15.527,97,0.533,1
362,25.732,96,4.548,1
363,18.33,95,6.748,1
364,21.825,98,6.775,1
365,37.659,99,3.731,1
366,15.444,98,9.417,1
367,38.448,100,1.674,1
368,36.214,97,5.004,1
369,7.832,98,6.909,0
370,2.774,99,6.971,0
371,4.031,95,6.486,0
372,0.729,96,2.753,1
373,3.778,97,1.562,1
374,27.32,99,6.359,1
375,2.848,100,5.993,0
376,12.759,100,1.794,1
377,33.795,100,7.051,1
378,0.931,97,4.552,0
379,32.579,98,6.678,1
380,11.274,97,8.374,0
381,4.727,100,1.697,1
382,27.869,99,0.191,1
383,25.158,96,7.791,1
384,35.099,96,6.097,1
385,29.403,97,6.996,1
386,32.139,100,8.382,0
387,11.281,95,8.028,0
388,7.098,97,9.609,0
389,30.025,100,5.359,1
390,32.273,98,4.885,1
391,39.62,96,4.019,1
392,16.505,96,1.537,1
393,14.881,96,5.726,0
394,31.057,95,2.77,0
395,13.632,100,9.213,0
396,37.23,100,5.832,1
397,34.337,100,5.928,0
398,17.16,100,3.549,1
399,30.035,95,0.52,1
400,30.182,99,0.317,1
401,4.125,97,4.233,0
402,36.102,97,0.846,1
403,20.21,100,6.068,1
404,33.058,98,8.81,0
405,12.802,96,8.829,0
406,35.821,95,6.59,1
407,15.568,98,2.112,0
408,0.434,98,8.63,0
409,36.215,100,8.861,1
410,3.651,95,1.967,1
411,12.773,97,7.374,0
412,38.002,96,2.865,1
413,38.024,97,8.026,1
414,22.938,98,9.972,1
415,25.273,96,0.3,1
416,17.938,99,8.974,0
417,11.728,98,6.226,0
418,13.147,97,9.734,0
419,26.901,97,4.65,0
420,30.095,100,8.474,1
421,31.663,97,0.624,1
422,31.585,95,3.353,1
423,3.648,98,0.67,1
424,19.777,96,9.753,0
425,2.302,97,8.17,0
426,21.981,100,8.525,1
427,17.661,100,9.38,1
428,35.508,97,0.851,1
429,14.037,95,3.856,1
430,4.683,100,0.71,1
431,5.72,96,2.108,1
432,30.46,98,2.294,1
433,24.729,99,4.691,1
434,4.045,95,2.686,1
435,3.364,100,1.01,1
436,28.039,98,1.675,1
437,2.911,99,1.473,1
438,32.874,97,9.731,1
439,28.25,97,7.593,1
440,3.254,96,9.678,0
441,3.394,99,4.397,0
442,39.466,97,2.784,0
443,14.971,97,7.983,0
444,14.826,100,3.263,1
445,32.512,96,2.994,0
446,37.89,98,2.325,0
447,39.44,97,1.297,1
448,30.135,95,2.565,1
449,15.05,95,3.553,1
450,3.34,98,6.74,0
451,31.086,99,0.626,0
452,22.336,96,2.105,1
453,16.969,100,8.09,1
454,36.254,95,1.469,1
455,4.448,95,3.426,1
456,19.705,98,8.647,0
457,0.454,99,1.549,1
458,18.746,99,0.827,1
459,2.252,98,4.845,0
460,4.753,95,3.024,1
461,4.701,96,5.634,0
462,25.968,95,8.038,1
463,29.842,99,1.371,1
464,23.335,100,5.807,1
465,38.487,95,5.055,0
466,14.995,96,1.441,1
467,11.428,97,6.24,0
468,34.744,95,2.736,0
469,8.944,98,4.878,0
470,38.529,97,0.823,0
471,0.486,98,4.596,0
472,38.795,98,3.065,1
473,1.726,98,8.224,0
474,35.646,95,0.57,1
475,21.108,99,4.186,1
476,39.719,97,4.584,0
477,2.952,96,7.25,0
478,22.154,99,5.743,0
479,38.772,95,6.672,1
480,20.924,98,7.77,0
481,25.176,96,8.622,1
482,27.83,97,3.139,0
483,18.182,99,5.38,1
484,25.102,100,8.401,1
485,23.373,99,9.895,1
486,36.046,96,8.895,1
487,1.818,95,3.715,1
488,11.239,97,1.952,1
489,38.016,96,4.894,1
490,35.611,98,7.416,0
491,18.226,97,4.926,1
492,24.805,99,4.832,1
493,11.095,96,8.382,0
494,7.525,99,3.614,1
495,18.548,99,8.598,0
496,14.134,99,4.068,0
497,23.346,95,3.282,1
498,3.109,99,4.54,0
499,38.976,98,7.624,1
500,39.448,98,1.26,1
501,27.926,97,1.964,1
502,21.444,100,9.514,1
503,12.381,99,1.755,1
504,32.552,99,5.677,0
505,27.389,96,5.793,1
506,6.505,95,4.896,0
507,36.437,100,6.447,1
508,32.901,97,2.298,1
509,37.992,100,5.527,0
510,29.029,99,3.722,1
511,24.537,96,6.617,0
512,16.73,95,1.412,0
513,37.309,97,5.709,0
514,34.643,100,1.853,0
515,1.809,97,2.786,1
516,1.055,99,2.187,1
517,15.059,97,1.828,1
518,32.422,96,8.257,1
519,39.491,97,2.857,1
520,6.017,98,9.271,0
521,23.765,96,9.699,1
522,15.236,100,5.713,1
523,38.797,95,1.43,1
524,33.685,95,3.745,1
525,33.533,99,7.977,0
526,18.748,99,3.674,1
527,16.593,98,0.87,1
528,10.936,100,5.568,0
529,2.255,95,8.451,0
530,34.589,95,7.959,1
531,32.516,95,1.751,1
532,39.989,95,6.728,1
533,39.865,97,2.205,1
534,22.217,100,2.182,1
535,30.759,96,8.741,1
536,37.791,96,2.497,1
537,33.986,98,2.632,1
538,9.894,97,0.007,1
539,18.022,95,8.707,0
540,5.166,95,7.926,0
541,38.162,99,6.273,1
542,24.247,99,7.503,1
543,9.146,98,1.52,1
544,26.868,95,4.583,1
545,24.725,98,3.512,1
546,14.327,97,0.938,1
547,4.542,96,4.861,0
548,26.863,95,9.207,1
549,20.812,100,0.401,1
550,30.893,97,2.915,1
551,20.807,95,2.075,1
552,34.087,100,2.381,1
553,22.076,99,9.084,0
554,22.438,98,4.681,1
555,35.066,99,4.663,1
556,16.139,96,7.606,1
557,5.361,99,1.545,1
558,1.151,95,4.873,0
559,30.205,100,4.3,1
560,24.812,99,5.969,1
561,28.163,95,9.996,1
562,8.519,96,7.694,0
563,5.455,100,3.979,1
564,0.582,99,8.276,0
565,14.024,98,1.707,1
566,23.597,98,0.305,1
567,15.69,100,2.044,1
568,17.499,98,3.404,1
569,36.166,99,5.106,1
570,13.93,99,6.151,0
571,20.56,100,9.106,0
572,31.346,99,5.099,0
573,15.862,95,5.013,1
574,24.883,96,0.502,1
575,34.495,98,0.349,0
576,37.981,95,5.512,1
577,5.883,100,4.382,0
578,37.064,98,8.392,1
579,19.685,95,1.607,1
580,10.33,99,0.25,1
581,18.365,100,4.49,1
582,39.201,100,2.375,0
583,19.705,98,0.496,0
584,13.15,99,7.246,0
585,25.336,98,1.116,1
586,9.606,97,6.083,0
587,3.035,95,2.81,1
588,5.155,97,1.735,1
589,5.122,95,3.798,1
590,6.076,96,8.014,0
591,5.553,100,3.921,1
592,25.635,98,7.508,1
593,7.275,96,1.255,1
594,13.827,96,7.728,0
595,35.872,100,2.369,1
596,18.958,100,6.774,1
597,26.702,95,5.658,1
598,6.893,97,9.291,0
599,7.692,99,3.873,1
600,1.635,95,0.662,1
601,6.757,99,0.192,1
602,11.144,96,8.269,0
603,7.08,99,5.247,0
604,3.548,97,7.752,0
605,4.825,95,2.344,1
606,18.431,100,3.451,0
607,8.253,97,0.301,1
608,14.571,97,9.615,0
609,20.137,95,6.679,1
610,27.616,100,9.332,1
611,1.572,97,2.655,1
612,31.976,100,6.115,1
613,25.116,98,6.785,1
614,3.27,98,3.175,1
615,34.943,98,8.481,1
616,36.835,99,9.472,1
617,2.443,97,8.849,0
618,11.075,95,7.391,0
619,32.248,95,2.775,1
620,29.93,99,2.816,1
621,7.381,95,9.634,0
622,8.374,98,0.103,1
623,14.819,97,7.16,0
624,19.381,95,7.062,1
625,24.73,95,6.227,1
626,14.757,96,9.901,0
627,18.501,96,3.119,1
628,29.899,96,3.4,1
629,1.467,97,0.789,1
630,10.097,98,4.428,0
631,28.534,100,2.61,0
632,35.808,98,3.434,1
633,20.467,98,8.346,1
634,21.285,97,9.355,1
635,4.287,97,1.857,1
636,17.896,96,3.725,1
637,21.305,95,9.286,1
638,9.699,99,0.618,1
639,10.77,99,0.924,1
640,15.091,100,1.628,1
641,0.803,95,5.952,0
642,12.883,100,1.505,1
643,8.458,96,9.681,0
644,13.1,100,4.467,0
645,4.79,95,5.015,0
646,35.621,95,2.467,1
647,23.744,99,4.71,0
648,27.164,96,6.619,1
649,31.567,97,7.512,1
650,19.938,100,7.539,1
651,3.477,99,5.779,0
652,21.484,100,9.044,1
653,23.474,100,8.174,1
654,29.818,97,7.57,1
655,17.266,96,0.556,1
656,5.103,95,0.069,1
657,11.351,98,2.124,1
658,14.523,100,6.635,0
659,25.837,98,4.112,1
660,22.831,96,4.024,1
661,14.244,98,8.846,0
662,39.461,100,8.956,1
663,24.231,97,9.092,0
664,9.489,98,3.139,1
665,4.071,96,6.911,0
666,6.114,96,2.716,1
667,9.838,97,1.906,1
668,6.427,98,1.846,1
669,7.463,98,3.421,1
670,11.404,95,4.3,0
671,6.935,99,8.309,0
672,35.871,96,1.199,0
673,3.209,95,7.349,0
674,20.98,96,5.315,1
675,16.416,95,2.879,1
676,39.295,99,4.928,1
677,4.482,95,2.999,1
678,15.914,96,5.961,0
679,38.779,98,4.338,0
680,34.62,96,1.644,1
681,32.683,100,1.166,1
682,10.316,97,5.467,0
683,6.836,97,9.024,0
684,26.746,100,3.44,1
685,37.175,97,7.33,0
686,22.271,97,6.587,1
687,22.865,99,9.316,1
688,11.199,98,8.21,0
689,30.78,98,5.666,1
690,7.482,96,6.57,0
691,12.947,100,8.984,0
692,17.017,95,3.995,1
693,20.304,96,3.268,1
694,9.696,96,0.108,1
695,4.593,96,8.266,0
696,24.425,96,8.01,1
697,11.545,98,1.045,1
698,23.25,95,5.769,1
699,6.175,96,4.64,0
700,19.246,98,1.187,1
701,21.304,96,9.806,0
702,2.073,97,2.147,1
703,13.464,96,0.672,1
704,5.377,100,5.948,0
705,2.535,100,7.389,0
706,39.598,96,0.324,1
707,12.894,99,6.587,0
708,32.395,97,5.323,1
709,10.186,95,1.033,1
710,27.26,96,1.725,0
711,30.409,95,5.68,1
712,23.826,97,2.964,1
713,18.863,96,9.383,1
714,16.474,99,8.187,0
715,13.955,98,9.836,0
716,37.181,99,2.597,0
717,33.225,99,9.697,1
718,38.601,98,4.312,1
719,4.972,98,3.475,1
720,29.235,100,0.503,0
721,37.534,98,0.528,1
722,7.249,96,6.92,0
723,2.66,95,4.579,0
724,29.645,100,2.265,1
725,22.979,100,6.14,0
726,33.673,95,2.529,1
727,5.591,100,5.776,0
728,31.811,98,3.592,1
729,8.065,99,8.236,0
730,6.546,97,8.207,0
731,6.571,98,4.774,0
732,32.583,99,3.508,1
733,26.608,99,3.626,1
734,20.923,100,8.057,1
735,14.353,96,3.282,1
736,35.088,96,2.091,0
737,15.698,100,0.847,1
738,32.664,100,4.667,1
739,17.565,95,4.821,0
740,15.078,95,8.409,1
741,18.507,97,2.212,1
742,12.055,97,3.81,1
743,29.904,97,8.084,1
744,20.109,97,8.236,1
745,9.289,99,3.846,1
746,35.983,99,4.591,1
747,15.356,95,3.033,0
748,21.742,96,9.326,0
749,36.259,100,1.186,1
750,24.97,96,9.337,1
751,4.676,98,6.839,0
752,37.593,99,5.316,1
753,25.108,97,0.327,1
754,13.396,97,4.756,0
755,5.571,98,4.077,0
756,31.761,96,1.612,1
757,24.803,97,6.564,1
758,21.338,96,9.712,1
759,35.756,100,5.622,1
760,31.544,98,7.148,1
761,6.067,96,0.685,1
762,12.469,100,4.177,0
763,9.94,96,1.164,1
764,29.758,96,6.128,0
765,1.341,97,9.385,0
766,22.796,95,6.618,1
767,30.498,99,0.768,1
768,35.071,96,3.547,1
769,13.683,96,5.507,0
770,32.85,96,4.032,1
771,4.425,95,8.336,0
772,33.858,100,8.147,0
773,5.1,98,6.118,0
774,15.891,97,3.735,1
775,31.892,95,2.553,1
776,5.997,100,1.059,1
777,9.17,96,3.549,1
778,28.89,100,4.132,1
779,28.801,95,6.758,1
780,25.646,95,6.582,0
781,27.758,95,0.701,1
782,21.709,98,3.953,1
783,10.072,99,1.818,1
784,13.828,97,1.568,1
785,7.264,98,8.273,0
786,36.338,98,0.419,1
787,23.336,99,4.192,1
788,16.034,98,1.682,0
789,18.48,95,8.793,1
790,37.891,95,5.57,1
791,6.134,100,2.314,1
792,23.449,96,5.024,1
793,20.236,98,7.315,1
794,24.458,96,9.581,1
795,0.724,97,2.204,1
796,34.885,95,8.862,1
797,37.285,100,9.343,1
798,22.605,97,9.164,0
799,27.866,100,6.354,1
800,36.9,99,6.298,1
801,28.29,95,4.032,0
802,6.102,97,7.524,0
803,23.052,99,5.313,1
804,24.269,97,6.774,1
805,16.965,100,4.285,1
806,29.458,99,7.315,1
807,37.375,99,8.245,1
808,37.023,95,1.464,1
809,18.034,96,8.329,1
810,4.53,100,5.403,0
811,39.394,100,8.447,1
812,33.556,99,4.313,1
813,4.987,99,3.79,1
814,36.834,95,9.151,1
815,34.796,96,2.512,1
816,20.754,100,8.442,1
817,23.651,98,4.84,1
818,15.96,98,5.141,0
819,2.19,96,3.085,1
820,13.408,97,5.73,0
821,32.114,95,3.252,0
822,0.185,96,0.393,1
823,13.34,98,2.72,1
824,15.927,99,0.064,1
825,21.496,98,9.784,1
826,36.794,99,9.657,1
827,13.854,95,3.952,1
828,13.878,99,7.284,0
829,29.5,96,3.458,1
830,18.089,99,6.711,1
831,8.984,97,8.054,0
832,18.098,96,9.468,1
833,5.634,95,4.002,0
834,7.055,96,7.833,0
835,19.935,97,2.659,1
836,16.757,95,9.903,1
837,36.594,98,0.258,0
838,14.496,97,6.035,0
839,23.224,95,6.595,1
840,25.291,99,6.88,0
841,0.524,96,1.204,1
842,26.541,95,9.385,1
843,7.121,96,1.812,1
844,38.443,99,6.228,1
845,5.947,95,2.227,1
846,16.585,98,3.072,0
847,3.414,97,5.465,0
848,39.875,95,4.172,1
849,20.088,99,1.602,1
850,23.815,95,1.709,1
851,2.683,96,4.181,0
852,29.998,100,7.573,1
853,8.396,95,8.98,0
854,35.922,98,0.841,1
855,8.206,95,3.931,1
856,7.628,97,1.002,1
857,1.462,95,0.166,1
858,18.883,100,6.617,0
859,22.594,96,6.024,0
860,2.628,95,1.63,1
861,31.021,98,2.338,1
862,18.132,99,0.237,1
863,20.976,95,8.349,1
864,17.631,95,9.747,1
865,16.031,97,1.355,1
866,22.386,98,2.315,1
867,6.21,100,8.684,0
868,7.277,99,9.265,0
869,34.471,96,4.196,0
870,37.845,95,0.506,0
871,14.932,100,0.394,1
872,10.83,99,5.739,0
873,25.76,96,3.929,1
874,16.349,100,0.287,1
875,1.015,98,5.833,0
876,6.246,98,0.113,1
877,28.639,99,7.874,1
878,26.357,96,3.064,1
879,1.084,98,0.403,1
880,8.879,99,5.884,0
881,9.243,98,3.977,1
882,26.876,98,9.738,1
883,0.788,100,5.442,0
884,4.164,100,2.752,1
885,31.997,98,7.094,1
886,7.142,97,2.715,1
887,26.11,100,9.042,0
888,9.527,96,3.747,1
889,3.978,99,5.499,0
890,9.727,99,0.506,1
891,28.891,96,4.261,0
892,34.228,96,8.324,0
893,33.209,96,8.056,1
894,15.887,96,2.243,1
895,26.723,95,2.261,1
896,8.199,99,8.173,0
897,11.726,95,9.304,0
898,35.853,98,0.954,1
899,0.52,98,4.501,0
900,3.42,99,3.375,1
901,8.315,98,8.707,0
902,1.061,96,0.835,1
903,7.257,95,2.111,1
904,23.322,96,7.525,1
905,16.857,98,0.513,1
906,35.707,100,4.925,0
907,32.698,95,4.421,1
908,13.673,96,3.344,1
909,10.377,99,3.946,1
910,15.188,96,5.299,0
911,23.612,100,1.614,0
912,10.723,98,5.72,0
913,24.966,95,8.054,1
914,16.376,99,7.602,1
915,22.082,95,1.539,0
916,17.445,99,1.492,1
917,11.779,95,2.682,1
918,37.938,98,3.611,0
919,30.544,99,4.085,1
920,5.605,97,6.797,0
921,34.739,95,0.567,0
922,19.497,95,0.347,0
923,35.782,96,3.919,1
924,31.994,99,6.972,1
925,17.009,100,1.934,1
926,0.899,97,6.415,0
927,10.747,98,2.598,1
928,21.665,96,8.861,1
929,25.339,97,8.957,0
930,10.316,99,2.973,1
931,5.574,97,2.3,1
932,33.397,95,4.113,1
933,39.376,95,2.405,1
934,21.028,96,6.724,1
935,6.867,99,8.261,0
936,10.892,99,6.731,0
937,0.736,97,8.244,0
938,36.572,96,3.97,1
939,4.71,99,1.563,1
940,23.061,100,7.38,0
941,10.962,100,3.605,1
942,22.167,95,6.713,1
943,26.057,97,2.706,0
944,33.19,98,0.812,1
945,8.257,95,9.926,0
946,0.44,96,1.562,1
947,5.475,99,9.884,0
948,36.001,95,9.773,1
949,34.956,98,7.938,1
950,23.897,98,6.594,1
951,24.021,100,5.778,0
952,26.601,96,8.661,0
953,7.015,95,2.894,1
954,36.576,97,4.677,1
955,16.751,95,6.194,1
956,15.326,100,4.112,1
957,20.757,98,4.275,1
958,1.879,96,3.303,1
959,6.651,96,5.642,0
960,29.521,97,8.506,1
961,3.312,96,2.015,1
962,24.126,100,9.344,0
963,9.814,100,6.891,0
964,15.572,100,8.233,1
965,11.548,96,5.562,0
966,14.227,96,7.795,0
967,28.762,100,0.162,1
968,11.885,96,8.184,0
969,22.656,96,0.401,1
970,19.042,98,8.899,1
971,26.547,95,9.92,1
972,37.473,99,2.941,1
973,29.303,96,2.103,0
974,8.598,99,7.654,0
975,1.247,99,2.53,1
976,10.491,98,8.656,0
977,23.803,96,1.028,1
978,2.057,100,1.26,1
979,19.855,99,9.792,1
980,23.874,96,6.738,1
981,13.37,97,8.469,0
982,30.836,100,3.243,1
983,4.264,97,6.765,0
984,3.006,97,5.942,0
985,29.128,99,6.032,1
986,19.82,97,6.825,1
987,27.536,98,5.754,1
988,17.393,98,4.291,1
989,9.856,99,2.759,1
990,32.764,96,7.686,1
991,31.977,95,2.263,1
992,27.788,96,6.924,1
993,10.886,96,2.333,1
994,23.609,96,6.253,0
995,14.439,96,7.471,0
996,3.663,100,2.187,1
997,36.693,95,0.599,1
998,5.473,100,1.31,1
999,38.009,97,6.06,0
1000,17.84,96,8.494,1
1001,7.405,98,0.45,1
1002,21.676,99,7.342,1
1003,34.918,99,3.413,1
1004,29.289,100,4.785,0
1005,32.262,100,9.289,1
1006,26.351,98,3.32,1
1007,27.691,96,4.653,1
1008,33.968,95,0.137,1
1009,9.987,97,0.816,1
1010,19.577,99,2.586,0
1011,8.848,97,0.279,1
1012,39.507,95,6.314,1
1013,37.762,100,4.264,1
1014,1.577,99,5.481,0
1015,28.223,97,1.746,1
1016,37.01,100,2.959,1
1017,7.223,95,6.638,0
1018,22.718,97,9.653,1
1019,36.62,96,0.504,1
1020,1.358,100,8.904,0
1021,27.897,95,5.769,1
1022,11.894,97,5.639,0
1023,36.976,96,5.003,0
1024,38.842,96,0.694,0
1025,37.771,95,0.899,1
1026,18.969,98,6.009,1
1027,34.482,99,3.41,1
1028,33.782,95,9.173,1
1029,12.764,96,4.066,0
1030,33.157,96,1.433,1
1031,1.48,95,7.147,0
1032,23.851,98,2.934,0
1033,9.2,99,5.255,0
1034,4.823,97,6.978,0
1035,3.078,95,9.003,0
1036,27.852,99,7.922,1
1037,13.595,99,6.764,0
1038,28.991,100,6.796,1
1039,2.614,96,9.459,0
1040,12.612,97,2.958,1
1041,21.58,95,0.011,1
1042,31.629,96,2.72,0
1043,12.75,100,2.179,1
1044,25.036,100,6.618,1
1045,35.439,96,6.337,0
1046,24.635,98,5.935,1
1047,9.318,99,0.162,1
1048,0.976,95,7.288,0
1049,34.804,95,3.235,0
1050,0.851,95,6.651,0
1051,34.988,96,5.566,1
1052,21.157,98,3.427,1
1053,37.563,97,1.346,1
1054,31.951,100,0.944,1
1055,39.917,96,8.315,1
1056,14.028,97,9.184,0
1057,30.688,100,6.498,0
1058,16.077,100,1.034,1
1059,19.195,98,4.02,1
1060,25.1,99,7.289,1
1061,34.947,95,7.798,1
1062,39.363,97,1.182,1
1063,30.731,96,0.0,1
1064,16.711,97,7.121,1
1065,16.854,99,3.566,1
1066,29.503,95,2.545,1
1067,9.551,97,0.129,1
1068,4.419,99,5.403,0
1069,14.185,96,8.512,0
1070,11.49,98,9.576,0
1071,11.852,100,5.657,0
1072,9.344,96,5.145,0
1073,1.684,95,0.851,1
1074,0.715,100,5.489,0
1075,39.509,96,3.8,1
1076,17.111,96,6.071,0
1077,15.373,96,3.887,1
1078,27.186,96,2.403,1
1079,8.73,100,0.95,1
1080,37.998,95,3.149,1
1081,31.454,99,0.966,1
1082,3.576,97,1.769,1
1083,16.703,98,9.873,0
1084,35.165,97,4.441,1
1085,37.789,97,5.319,1
1086,18.696,98,8.736,1
1087,24.536,100,9.956,1
1088,6.681,95,5.827,0
1089,39.647,98,8.125,1
1090,9.267,95,3.269,1
1091,37.709,100,3.057,1
1092,25.986,97,4.027,1
1093,24.309,95,6.725,1
1094,20.508,100,6.822,1
1095,9.227,100,3.152,1
1096,7.061,99,1.332,1
1097,8.819,98,6.324,0
1098,7.458,99,1.283,1
1099,31.183,97,5.785,1
1100,14.005,98,6.934,0
1101,2.314,97,7.006,0
1102,38.764,99,7.535,1
1103,35.351,100,8.729,1
1104,37.11,97,5.0,1
1105,39.796,98,7.302,0
1106,6.956,98,6.192,0
1107,15.85,97,1.866,1
1108,30.33,98,0.257,1
1109,27.841,100,2.845,1
1110,6.156,100,4.43,0
1111,32.633,98,6.171,0
1112,8.978,97,8.5,0
1113,8.953,99,1.962,1
1114,21.479,98,1.255,1
1115,23.718,98,9.635,1
1116,23.203,98,1.08,1
1117,3.659,98,4.785,0
1118,35.098,97,5.856,1
1119,10.624,99,5.414,0
1120,5.181,99,0.86,1
1121,35.55,95,0.57,0
1122,38.226,98,1.055,0
1123,34.485,98,5.856,1
1124,32.381,95,5.443,1
1125,26.21,99,2.337,0
1126,22.034,96,6.378,1
1127,3.479,100,8.201,0
1128,16.338,96,0.416,1
1129,14.908,99,4.981,0
1130,10.39,98,6.893,0
1131,28.937,96,2.523,1
1132,19.835,97,3.078,0
1133,3.242,97,6.136,0
1134,8.807,95,8.979,0
1135,27.33,99,8.099,1
1136,3.045,99,5.831,0
1137,34.048,96,7.302,1
1138,19.806,98,3.648,1
1139,19.223,99,6.41,1
1140,23.696,96,4.662,0
1141,32.987,96,1.899,1
1142,13.912,100,7.017,0
1143,27.121,100,5.565,0
1144,22.629,99,3.586,1
1145,10.681,96,9.113,0
1146,35.145,95,0.209,1
1147,31.897,95,3.158,1
1148,26.338,100,0.569,0
1149,34.023,99,7.665,1
1150,34.692,98,7.021,1
1151,28.335,95,3.314,1
1152,33.481,95,6.757,1
1153,27.899,100,3.959,1
1154,27.206,100,7.563,1
1155,24.744,99,4.542,1
1156,30.109,100,4.123,0
1157,6.344,97,9.347,0
1158,35.235,96,2.509,1
1159,34.874,95,1.204,1
1160,1.17,97,5.845,0
1161,33.033,98,9.693,1
1162,5.155,97,3.778,1
1163,13.405,99,0.62,1
1164,29.74,98,3.393,0
1165,6.43,98,5.059,0
1166,32.719,100,1.619,1
1167,33.285,97,6.581,1
1168,20.299,99,9.977,0
1169,0.255,95,4.517,0
1170,11.482,100,3.547,1
1171,24.677,97,4.007,0
1172,39.247,95,1.151,1
1173,25.273,97,8.833,1
1174,10.392,100,4.148,0
1175,25.36,95,3.873,0
1176,21.599,100,6.597,1
1177,31.194,97,4.42,1
1178,4.279,98,6.482,0
1179,30.441,96,0.614,1
1180,21.651,98,8.137,1
1181,38.52,100,9.405,1
1182,13.675,100,6.488,0
1183,25.305,100,9.546,1
1184,37.281,95,1.514,1
1185,4.1,99,4.774,0
1186,37.489,100,6.018,1
1187,27.515,98,5.817,0
1188,2.713,96,4.015,0
1189,12.039,100,3.381,1
1190,28.327,100,1.268,0
1191,2.694,100,3.917,1
1192,23.287,95,1.627,0
1193,13.835,100,7.344,0
1194,24.837,98,2.088,1
1195,1.83,97,0.586,1
1196,34.861,99,5.524,1
1197,38.94,100,5.952,0
1198,38.755,95,8.719,0
1199,29.986,98,5.77,1
1200,5.203,100,3.455,1
1201,30.331,95,8.03,1
1202,0.983,97,5.403,0
1203,0.885,96,0.793,1
1204,12.944,100,5.659,0
1205,19.546,98,9.08,0
1206,30.816,95,3.963,1
1207,27.332,95,2.963,0
1208,17.836,100,1.435,1
1209,10.945,95,1.514,1
1210,39.885,96,4.328,1
1211,17.047,95,5.957,1
1212,18.055,99,0.806,1
1213,6.545,99,9.396,0
1214,31.792,95,7.551,1
1215,27.747,100,5.866,0
1216,8.831,99,8.284,0
1217,3.295,98,0.802,1
1218,27.22,99,4.768,0
1219,26.18,95,6.301,1
1220,10.93,100,8.287,0
1221,38.035,97,7.835,1
1222,6.042,100,2.771,1
1223,17.293,100,9.409,0
1224,37.745,100,1.243,0
1225,16.789,98,8.751,1
1226,25.541,96,9.709,0
1227,15.904,95,1.772,1
1228,10.969,96,7.221,0
1229,39.359,97,0.403,1
1230,16.373,96,4.054,0
1231,35.764,95,5.163,1
1232,9.198,95,5.806,0
1233,8.524,97,9.359,0
1234,1.245,95,6.723,0
1235,26.067,97,4.813,1
1236,14.741,97,8.097,0
1237,34.574,95,9.505,1
1238,18.928,99,0.221,1
1239,38.728,97,9.825,1
1240,7.421,95,0.861,1
1241,34.745,99,8.144,0
1242,31.064,97,2.803,1
1243,30.837,99,1.322,1
1244,33.791,98,4.399,1
1245,30.441,100,6.44,1
1246,25.049,98,3.81,1
1247,5.25,99,0.546,1
1248,1.301,97,5.995,0
1249,36.834,95,9.024,0
1250,24.666,96,3.832,1
1251,31.861,95,2.163,0
1252,19.261,96,4.426,1
1253,4.692,96,0.484,1
1254,5.007,97,8.205,0
1255,27.423,99,8.263,1
1256,17.212,95,5.88,0
1257,8.021,99,3.531,1
1258,19.664,98,7.998,0
1259,2.568,97,5.547,0
1260,23.279,97,8.259,1
1261,10.76,98,6.315,0
1262,31.902,95,7.844,1
1263,12.414,100,5.986,0
1264,18.209,98,4.141,1
1265,0.465,95,9.579,0
1266,2.898,96,5.411,0
1267,15.7,97,6.051,1
1268,19.198,95,2.205,1
1269,24.001,99,6.257,1
1270,11.667,99,5.716,0
1271,27.799,97,1.848,1
1272,34.405,98,0.596,1
1273,31.194,100,6.044,1
1274,1.585,98,7.637,0
1275,19.22,95,5.234,1
1276,4.197,98,2.268,1
1277,9.682,97,6.665,0
1278,39.467,95,0.801,1
1279,5.7,96,4.418,0
1280,19.956,98,1.634,1
1281,24.726,98,1.845,1
1282,28.099,100,2.023,0
1283,22.386,95,3.867,1
1284,0.391,99,0.512,1
1285,13.058,98,3.978,1
1286,20.708,97,5.117,0
1287,3.515,98,4.833,0
1288,14.025,100,3.828,1
1289,1.328,96,8.391,0
1290,3.143,100,1.453,1
1291,15.877,98,5.057,1
1292,5.309,99,0.62,1
1293,22.702,98,0.712,1
1294,27.579,95,5.739,1
1295,32.023,98,5.66,1
1296,8.006,99,8.78,0
1297,6.699,95,5.579,0
1298,4.183,97,9.598,0
1299,25.457,95,0.487,1
1300,28.259,100,0.98,1
1301,1.263,96,0.441,1
1302,37.448,100,1.853,1
1303,2.079,95,5.413,0
1304,21.652,97,6.456,1
1305,28.362,98,0.456,1
1306,34.839,95,9.46,1
1307,28.563,100,8.422,1
1308,32.069,95,2.966,1
1309,13.578,95,0.772,1
1310,32.593,95,1.699,1
1311,3.205,97,1.269,1
1312,35.793,99,1.233,1
1313,21.904,99,5.186,1
1314,32.692,95,2.458,1
1315,18.093,97,3.581,1
1316,25.743,97,9.895,1
1317,21.056,95,6.843,1
1318,29.264,100,9.49,0
1319,3.265,100,1.426,1
1320,2.414,96,3.821,1
1321,9.884,95,5.547,0
1322,6.382,96,0.768,1
1323,34.871,100,0.042,1
1324,8.769,100,6.704,0
1325,39.035,95,6.418,0
1326,13.476,96,4.108,0
1327,7.285,96,4.896,0
1328,31.588,95,4.154,1
1329,26.348,96,0.24,1
1330,19.928,98,3.354,1
1331,22.215,100,1.771,1
1332,28.768,99,0.984,1
1333,9.138,97,9.567,0
1334,39.853,96,5.994,1
1335,38.992,96,7.287,0
1336,26.013,97,3.154,1
1337,7.982,96,3.931,1
1338,27.209,97,2.369,1
1339,2.888,95,0.97,1
1340,1.226,98,1.79,1
1341,10.307,98,7.975,0
1342,18.505,100,6.775,1
1343,34.731,99,5.469,1
1344,29.087,96,4.751,1
1345,29.708,99,9.224,1
1346,17.02,95,0.727,0
1347,13.837,98,2.806,1
1348,14.842,95,3.499,1
1349,39.506,95,7.824,1
1350,1.604,96,9.925,0
1351,34.681,95,2.407,1
1352,23.147,98,8.743,1
1353,17.545,99,8.306,0
1354,29.01,98,2.247,1
1355,19.467,96,3.993,1
1356,34.937,98,4.097,0
1357,36.028,97,9.782,1
1358,16.869,99,1.809,1
1359,11.073,97,7.992,0
1360,23.694,97,3.342,1
1361,36.495,100,7.309,1
1362,8.426,96,4.2,0
1363,24.919,95,5.784,1
1364,25.262,97,8.326,1
1365,29.325,98,8.042,1
1366,5.263,95,8.664,0
1367,28.633,98,0.596,0
1368,36.361,98,6.921,0
1369,7.187,95,1.4,1
1370,9.502,95,4.158,0
1371,38.856,98,5.486,1
1372,7.239,96,4.027,0
1373,34.175,99,5.196,1
1374,19.691,100,9.965,0
1375,9.889,99,1.352,1
1376,34.83,96,6.755,0
1377,17.812,100,3.96,1
1378,20.593,95,1.33,1
1379,14.369,100,1.587,1
1380,23.718,98,9.493,1
1381,6.541,99,8.796,0
1382,15.643,100,9.07,1
1383,38.776,98,9.915,1
1384,10.325,96,2.083,1
1385,26.269,100,3.554,1
1386,13.008,98,6.692,0
1387,30.939,96,4.838,1
1388,5.235,95,4.184,0
1389,38.793,96,3.578,0
1390,18.152,96,5.938,1
1391,9.442,99,5.756,0
1392,2.94,98,1.615,1
1393,6.79,100,4.717,0
1394,20.791,99,5.535,1
1395,13.48,97,5.703,0
1396,33.155,96,2.101,1
1397,17.236,97,7.423,0
1398,9.949,99,0.252,1
1399,24.686,98,3.548,0
1400,28.271,99,7.802,0
1401,6.682,98,5.639,0
1402,6.705,98,2.612,1
1403,1.467,95,6.95,0
1404,29.456,96,5.674,0
1405,26.552,99,7.962,1
1406,18.985,98,7.35,1
1407,33.767,99,6.101,1
1408,32.227,99,4.882,0
1409,23.414,98,1.332,1
1410,34.731,100,2.613,1
1411,8.234,97,4.191,0
1412,4.477,96,5.993,0
1413,10.79,96,5.137,0
1414,2.283,100,2.882,1
1415,21.247,95,0.065,1
1416,37.464,100,4.962,1
1417,1.574,95,2.856,1
1418,4.884,95,7.346,0
1419,18.088,100,0.239,1
1420,37.355,96,5.848,1
1421,12.646,97,9.415,0
1422,20.289,96,1.744,1
1423,1.663,96,4.716,0
1424,5.934,96,0.914,1
1425,39.465,100,6.257,1
1426,38.605,100,5.505,1
1427,0.198,100,4.074,0
1428,38.072,96,5.214,1
1429,25.565,97,8.966,0
1430,34.717,95,1.963,1
1431,18.19,99,0.226,1
1432,20.624,95,8.617,1
1433,19.554,95,5.771,1
1434,26.675,99,8.907,1
1435,5.586,96,5.969,0
1436,1.199,97,8.102,0
1437,12.317,97,4.297,0
1438,28.187,95,7.499,1
1439,8.074,99,9.13,0
1440,26.937,98,5.721,1
1441,38.796,96,1.808,1
1442,3.756,95,2.688,1
1443,26.904,97,1.986,1
1444,17.75,100,2.469,0
1445,34.726,100,3.064,1
1446,7.086,99,5.551,0
1447,27.705,99,5.88,1
1448,33.525,95,4.265,1
1449,37.785,98,6.154,1
1450,27.33,97,0.816,0
1451,19.887,95,0.878,1
1452,24.714,98,1.718,1
1453,34.756,99,5.181,1
1454,22.824,100,2.14,1
1455,1.215,96,2.833,1
1456,37.238,100,4.003,1
1457,27.581,97,8.119,0
1458,27.061,97,0.139,1
1459,8.627,100,6.494,0
1460,26.355,100,6.689,1
1461,15.755,98,7.987,1
1462,26.049,95,9.328,1
1463,4.264,99,0.201,1
1464,26.314,98,1.538,1
1465,39.977,96,8.862,1
1466,1.928,100,4.585,0
1467,39.087,96,5.646,0
1468,16.276,96,6.63,1
1469,34.83,98,6.791,1
1470,31.295,99,9.317,0
1471,22.681,97,9.969,1
1472,29.538,95,7.202,1
1473,35.141,97,2.872,0
1474,16.166,99,8.798,1
1475,13.081,97,0.492,1
1476,26.704,100,2.311,1
1477,32.314,100,8.974,1
1478,30.491,98,2.562,0
1479,31.913,96,2.207,0
1480,17.423,99,1.381,1
1481,32.713,99,8.591,1
1482,4.808,97,5.001,0
1483,21.78,98,6.749,1
1484,0.23,97,2.391,1
1485,12.983,97,7.58,0
1486,14.658,99,7.6,0
1487,15.847,97,3.126,0
1488,27.819,96,4.107,1
1489,15.542,97,2.097,1
1490,17.948,96,9.766,1
1491,9.502,99,6.456,0
1492,14.93,98,9.345,0
1493,9.091,100,3.034,1
1494,2.928,96,7.819,0
1495,24.138,98,7.659,1
1496,26.729,98,6.917,1
1497,24.78,96,9.656,1
1498,18.54,99,3.936,1
1499,15.191,95,1.307,1
1500,34.533,98,6.717,1
1501,20.763,98,7.293,1
1502,19.167,99,5.751,1
1503,1.026,99,2.068,1
1504,13.65,97,5.045,0
1505,15.208,99,3.122,1
1506,15.953,98,4.275,1
1507,23.207,96,6.452,0
1508,21.344,95,7.452,1
1509,24.316,97,2.322,1
1510,30.595,96,4.053,0
1511,32.519,95,2.692,1
1512,28.725,95,1.986,1
1513,38.221,95,7.834,1
1514,0.729,100,9.093,0
1515,7.831,96,3.702,1
1516,0.303,97,7.513,0
1517,25.899,97,8.97,0
1518,35.921,95,8.461,1
1519,9.739,96,1.828,1
1520,37.081,100,9.563,1
1521,2.411,95,3.767,1
1522,37.377,99,3.392,1
1523,14.065,97,0.624,1
1524,4.057,98,4.862,0
1525,19.435,95,1.09,1
1526,10.271,99,2.485,1
1527,11.395,97,3.169,1
1528,12.292,100,8.088,0
1529,32.121,96,8.755,1
1530,21.566,97,3.025,0
1531,12.452,96,8.587,0
1532,24.413,96,8.572,1
1533,28.646,100,7.647,0
1534,10.905,100,1.467,1
1535,16.542,95,6.903,1
1536,4.875,95,9.45,0
1537,7.246,97,6.825,0
1538,27.245,100,3.316,1
1539,7.258,99,5.006,0
1540,21.007,97,6.457,0
1541,28.362,98,5.106,1
1542,4.275,96,1.2,1
1543,22.692,96,3.121,1
1544,10.263,95,8.024,0
1545,38.517,99,8.614,1
1546,19.342,100,1.373,1
1547,32.24,100,9.524,1
1548,22.009,95,3.288,1
1549,1.737,98,6.623,0
1550,25.326,97,7.518,1
1551,38.056,97,8.119,0
1552,24.064,99,9.457,1
1553,32.768,95,3.129,0
1554,35.368,95,8.585,1
1555,9.123,98,1.317,1
1556,8.482,97,7.05,0
1557,24.439,95,7.42,1
1558,16.441,100,6.777,1
1559,33.594,99,2.523,0
1560,36.001,97,8.73,1
1561,14.137,98,1.689,1
1562,9.475,99,0.536,1
1563,31.221,96,7.175,1
1564,10.992,100,4.755,0
1565,32.905,98,8.491,1
1566,16.95,99,3.834,1
1567,26.702,95,1.683,0
1568,3.821,96,8.364,0
1569,24.954,98,5.489,1
1570,18.071,95,1.892,1
1571,23.464,100,7.204,1
1572,6.721,96,5.111,0
1573,29.475,97,6.043,1
1574,34.512,95,4.609,0
1575,8.67,99,8.287,0
1576,3.829,98,8.296,0
1577,0.946,96,7.094,0
1578,25.679,95,1.054,1
1579,24.284,97,8.389,0
1580,21.868,98,6.71,1
1581,9.278,98,6.97,0
1582,15.636,95,3.63,1
1583,23.779,97,8.793,1
1584,19.871,100,7.254,1
1585,39.511,100,1.126,1
1586,5.458,96,4.078,0
1587,27.806,95,8.864,1
1588,16.173,96,0.472,1
1589,17.128,100,9.614,0
1590,28.704,98,6.792,0
1591,27.697,96,6.314,1
1592,39.65,97,2.706,1
1593,5.136,99,2.488,1
1594,4.164,100,9.421,0
1595,28.974,100,2.983,1
1596,23.135,97,7.755,1
1597,10.966,96,3.931,1
1598,3.177,95,1.393,1
1599,3.426,98,0.107,1
1600,35.768,99,5.443,1
1601,7.675,95,9.758,0
1602,12.935,95,3.691,1
1603,9.066,97,3.572,1
1604,14.2,96,3.441,1
1605,2.777,100,5.205,0
1606,20.762,100,4.407,1
1607,2.705,97,8.799,0
1608,32.014,96,5.055,1
1609,9.348,97,5.078,0
1610,21.6,100,1.384,1
1611,35.203,95,9.827,1
1612,26.035,98,2.5,0
1613,21.318,96,0.734,1
1614,12.973,99,6.631,0
1615,13.32,99,5.954,0
1616,26.779,95,4.151,1
1617,39.766,97,4.222,1
1618,26.474,97,7.851,1
1619,22.311,100,1.957,1
1620,29.226,95,8.203,1
1621,18.608,100,6.487,1
1622,2.406,100,4.19,0
1623,22.492,99,4.58,0
1624,38.305,100,2.566,0
1625,7.012,100,7.521,0
1626,27.6,99,5.129,0
1627,8.037,97,3.209,1
1628,21.433,96,5.961,1
1629,3.867,98,9.957,0
1630,18.015,100,4.353,1
1631,30.247,96,9.207,0
1632,13.903,99,3.45,1
1633,26.596,96,0.547,1
1634,31.818,98,2.042,0
1635,37.087,96,4.187,1
1636,9.386,96,2.196,1
1637,15.973,96,0.002,0
1638,6.097,96,9.15,0
1639,39.699,95,8.439,1
1640,37.08,100,7.423,0
1641,21.598,99,1.678,0
1642,33.681,98,1.204,1
1643,20.838,99,0.676,0
1644,24.943,95,7.24,1
1645,3.565,95,9.288,0
1646,30.211,95,4.305,0
1647,5.109,100,1.191,1
1648,33.043,95,5.124,0
1649,31.281,96,3.488,1
1650,28.35,99,3.748,1
1651,1.446,97,6.213,0
1652,12.125,98,7.187,0
1653,10.525,95,1.106,1
1654,14.405,99,0.356,1
1655,3.506,95,9.943,0
1656,37.478,100,2.327,1
1657,22.152,95,0.538,1
1658,12.221,95,1.899,1
1659,15.879,95,0.39,1
1660,17.888,95,3.918,1
1661,24.024,98,8.024,0
1662,20.627,99,3.412,0
1663,36.776,100,4.442,0
1664,19.879,95,6.756,1
1665,39.686,95,5.089,0
1666,34.057,95,8.614,0
1667,8.34,95,8.66,0
1668,37.224,96,0.099,1
1669,4.655,96,7.78,0
1670,32.698,97,4.607,0
1671,15.225,95,9.888,0
1672,35.119,97,4.832,1
1673,34.722,98,9.869,1
1674,32.237,97,7.546,1
1675,31.601,99,2.486,1
1676,12.187,96,5.384,0
1677,3.237,96,9.921,0
1678,16.119,95,8.575,1
1679,6.941,95,0.974,1
1680,27.798,98,7.064,1
1681,13.844,100,3.456,1
1682,39.024,98,0.07,1
1683,25.639,99,4.035,1
1684,32.899,95,2.348,1
1685,5.301,95,8.189,0
1686,34.481,98,3.373,0
1687,36.91,98,8.275,0
1688,19.482,98,0.006,1
1689,24.25,96,3.078,0
1690,30.592,97,2.412,1
1691,6.994,97,2.336,1
1692,20.103,95,0.682,1
1693,15.947,96,1.871,0
1694,5.855,98,5.555,0
1695,14.701,95,2.914,1
1696,2.727,96,4.174,0
1697,1.032,99,3.769,1
1698,5.407,100,8.759,0
1699,38.525,96,9.053,1
1700,21.981,95,4.93,1
1701,38.633,97,3.302,1
1702,17.3,98,1.068,1
1703,12.473,100,9.534,0
1704,20.246,99,0.602,1
1705,17.58,100,2.977,1
1706,4.227,100,2.981,1
1707,25.633,96,3.204,1
1708,8.642,95,1.643,1
1709,24.784,95,7.832,1
1710,26.008,100,1.225,1
1711,6.081,98,6.349,0
1712,2.454,95,1.238,1
1713,31.23,100,0.705,1
1714,18.392,95,9.094,0
1715,2.327,98,1.901,1
1716,39.795,99,8.213,1
1717,2.311,100,5.446,0
1718,27.801,97,0.779,1
1719,39.347,97,9.554,1
1720,9.567,100,2.47,1
1721,5.69,96,8.596,0
1722,4.855,99,1.688,1
1723,12.131,96,8.539,0
1724,4.042,97,0.132,1
1725,27.686,98,5.118,1
1726,2.492,100,7.694,0
1727,20.377,95,9.348,1
1728,39.868,97,9.092,1
1729,32.559,99,8.196,1
1730,24.609,97,8.882,1
1731,12.25,99,1.992,1
1732,24.956,99,2.842,1
1733,21.082,100,2.89,1
1734,17.043,99,3.771,0
1735,5.228,96,3.933,1
1736,35.464,98,5.446,1
1737,17.991,97,1.599,1
1738,7.785,98,6.912,0
1739,14.71,95,1.676,1
1740,16.565,97,3.103,1
1741,33.102,98,5.033,1
1742,29.345,98,7.964,0
1743,30.772,100,7.395,0
1744,0.441,100,6.455,0
1745,16.646,95,1.558,1
1746,19.254,99,5.47,0
1747,0.768,97,0.874,1
1748,10.393,100,3.774,1
1749,30.412,97,4.135,1
1750,5.484,95,0.398,1
1751,21.412,100,2.74,1
1752,8.608,100,9.556,0
1753,0.485,99,9.536,0
1754,9.648,97,3.523,1
1755,39.035,97,0.431,1
1756,32.061,97,1.791,0
1757,38.383,99,3.922,0
1758,19.514,100,9.478,0
1759,4.389,95,1.412,1
1760,21.918,97,7.635,1
1761,18.175,98,1.087,1
1762,33.774,99,9.813,1
1763,3.923,96,3.816,1
1764,19.53,95,7.752,0
1765,6.002,98,3.426,1
1766,12.987,97,6.277,0
1767,29.494,96,1.92,1
1768,19.041,95,1.46,1
1769,15.036,99,9.381,1
1770,15.779,96,9.176,0
1771,18.378,100,8.875,0
1772,31.401,96,6.254,1
1773,35.683,98,8.083,1
1774,38.213,95,0.69,1
1775,31.476,98,3.348,1
1776,12.616,98,3.137,1
1777,27.525,97,6.356,0
1778,17.504,99,3.56,1
1779,10.187,96,1.485,1
1780,33.635,95,5.965,1
1781,1.537,100,8.144,0
1782,36.07,99,3.821,1
1783,18.459,99,1.323,1
1784,25.488,95,1.967,1
1785,26.374,99,2.375,0
1786,35.805,97,2.999,1
1787,25.467,99,6.428,1
1788,24.557,97,6.009,1
1789,2.666,96,6.961,0
1790,20.736,96,3.625,1
1791,6.007,98,8.24,0
1792,29.497,97,2.041,0
1793,20.489,100,4.69,1
1794,27.209,96,8.009,1
1795,1.667,99,1.802,1
1796,3.392,95,1.099,1
1797,28.653,95,8.837,1
1798,2.883,97,3.429,1
1799,2.85,100,6.839,0
1800,0.484,98,0.253,1
1801,38.26,99,6.9,1
1802,29.5,97,3.161,1
1803,14.13,95,0.557,1
1804,11.861,97,6.098,0
1805,13.988,99,2.408,1
1806,30.986,100,3.868,1
1807,26.455,100,0.806,0
1808,7.408,96,1.472,1
1809,6.964,99,2.98,1
1810,3.936,96,0.898,1
1811,26.412,96,9.108,1
1812,30.575,96,0.06,1
1813,10.602,97,4.839,0
1814,0.838,95,1.232,1
1815,3.287,100,3.077,1
1816,38.714,97,9.261,1
1817,11.818,95,1.617,1
1818,30.769,100,9.658,1
1819,24.987,99,2.058,0
1820,15.278,100,7.416,1
1821,8.227,100,5.467,0
1822,4.855,100,8.845,0
1823,24.601,98,5.54,1
1824,30.985,99,5.346,1
1825,25.756,97,1.955,1
1826,21.212,97,1.662,0
1827,1.678,95,9.165,0
1828,38.74,97,3.278,1
1829,31.949,96,3.721,0
1830,11.713,100,7.598,0
1831,39.199,97,3.388,1
1832,24.075,95,9.521,1
1833,23.297,95,7.379,1
1834,29.923,96,5.974,1
1835,32.471,95,8.809,1
1836,26.259,98,0.496,0
1837,5.124,100,2.571,1
1838,13.531,100,4.65,0
1839,37.123,100,2.27,0
1840,8.985,99,7.439,0
1841,14.887,97,9.192,0
1842,17.283,98,4.238,1
1843,17.576,97,3.421,1
1844,24.518,98,9.616,1
1845,37.723,97,4.449,0
1846,9.628,96,4.89,0
1847,4.86,95,3.516,1
1848,7.899,95,9.095,0
1849,35.477,96,5.69,0
1850,25.832,98,7.622,1
1851,11.436,99,8.118,0
1852,32.638,98,3.418,1
1853,34.455,95,4.337,1
1854,33.861,99,8.485,1
1855,36.757,97,3.633,1
1856,10.09,99,7.939,0
1857,30.202,98,9.41,1
1858,18.422,96,6.232,1
1859,33.68,97,7.416,1
1860,29.14,98,8.051,1
1861,31.058,97,8.45,1
1862,26.246,99,3.951,1
1863,7.097,95,0.513,1
1864,21.801,98,4.019,0
1865,39.387,96,6.738,1
1866,37.496,99,4.504,1
1867,1.727,98,7.49,0
1868,6.593,96,3.57,1
1869,5.269,98,6.347,0
1870,29.039,99,1.864,1
1871,32.711,98,7.494,1
1872,8.54,97,5.457,0
1873,20.234,99,2.041,0
1874,33.628,98,2.919,0
1875,29.312,95,7.486,1
1876,21.689,98,4.826,0
1877,23.614,97,2.16,1
1878,20.334,96,9.673,1
1879,11.902,96,7.151,0
1880,22.601,96,9.571,1
1881,27.555,95,4.271,1
1882,34.933,97,4.751,1
1883,25.452,99,8.98,1
1884,30.445,96,5.25,1
1885,6.403,97,7.073,0
1886,18.462,98,2.522,0
1887,0.373,95,4.467,0
1888,9.867,97,1.234,1
1889,29.058,97,2.06,1
1890,39.672,99,0.009,1
1891,3.967,97,0.393,1
1892,16.06,99,9.773,1
1893,32.003,95,2.424,1
1894,8.161,95,6.633,0
1895,22.203,98,8.391,1
1896,29.323,99,5.507,1
1897,24.639,99,1.531,1
1898,7.521,96,7.281,0
1899,14.215,96,6.003,0
1900,31.352,98,7.313,1
1901,22.169,95,7.697,1
1902,0.209,100,9.754,0
1903,30.44,96,5.736,1
1904,1.412,97,3.416,1
1905,29.829,95,6.485,1
1906,8.099,100,0.684,1
1907,38.323,97,8.974,1
1908,14.718,99,1.194,1
1909,13.077,95,3.278,1
1910,5.956,98,8.157,0
1911,12.224,99,5.973,0
1912,35.066,99,3.936,1
1913,39.853,97,4.734,1
1914,14.732,99,8.545,0
1915,17.944,96,3.4,0
1916,28.883,95,8.696,1
1917,35.448,96,0.881,1
1918,23.722,97,7.768,1
1919,15.661,100,8.475,1
1920,16.505,97,1.818,1
1921,27.825,95,4.303,1
1922,0.129,99,1.655,1
1923,24.784,98,7.066,1
1924,14.22,97,5.353,0
1925,31.768,95,6.353,0
1926,3.72,98,1.965,1
1927,23.528,99,2.117,1
1928,19.239,100,0.415,0
1929,25.693,97,3.221,1
1930,2.594,100,5.597,0
1931,23.199,95,8.579,1
1932,22.459,100,6.669,0
1933,22.426,100,4.354,0
1934,24.14,95,9.531,1
1935,27.059,95,7.192,1
1936,32.2,97,9.302,0
1937,10.793,100,5.276,0
1938,33.002,98,2.589,1
1939,19.93,95,0.528,1
1940,3.082,99,7.261,0
1941,2.342,100,1.213,1
1942,13.37,95,3.028,1
1943,31.396,98,5.325,0
1944,28.307,97,5.644,1
1945,31.545,100,6.006,1
1946,20.691,95,1.663,0
1947,17.608,95,3.797,0
1948,5.898,99,6.172,0
1949,13.128,99,9.698,0
1950,17.361,100,7.276,1
1951,3.544,95,9.226,0
1952,8.824,100,7.622,0
1953,23.929,95,5.917,0
1954,29.427,99,1.92,1
1955,39.934,98,6.667,1
1956,37.325,96,6.234,1
1957,25.703,96,6.025,1
1958,16.85,95,4.898,1
1959,25.447,99,5.287,1
1960,31.426,97,3.344,1
1961,4.733,97,5.193,0
1962,16.396,96,1.976,1
1963,33.592,98,8.052,1
1964,15.353,96,1.858,1
1965,22.875,95,0.85,1
1966,23.511,98,4.362,1
1967,7.379,97,6.583,0
1968,14.489,99,4.377,0
1969,13.38,99,2.768,1
1970,1.048,95,5.582,0
1971,0.968,96,3.47,1
1972,33.268,95,9.329,1
1973,10.923,99,9.226,0
1974,20.723,97,5.024,1
1975,11.949,99,3.279,1
1976,37.627,98,7.371,1
1977,10.372,100,0.367,1
1978,17.186,99,4.748,1
1979,34.909,99,3.363,1
1980,33.677,100,9.205,0
1981,7.444,98,0.12,1
1982,32.106,96,5.528,1
1983,18.327,99,7.407,1
1984,19.319,95,4.85,0
1985,5.339,99,0.854,1
1986,3.224,95,9.725,0
1987,29.118,98,5.18,0
1988,19.858,99,6.142,1
1989,17.474,98,2.366,1
1990,29.18,98,4.835,0
1991,30.621,96,4.291,1
1992,6.356,99,0.749,1
1993,24.409,95,1.062,1
1994,5.414,95,8.375,0
1995,30.055,99,2.398,1
1996,26.278,100,1.95,1
1997,38.265,96,5.049,1
1998,2.758,96,7.687,0
1999,2.282,96,0.619,1
2000,11.287,95,5.768,0
2001,10.468,98,1.192,1
2002,9.879,100,0.365,1
2003,36.25,96,0.527,0
2004,9.982,95,8.342,0
2005,10.878,95,1.18,1
2006,30.376,98,0.452,1
2007,17.99,99,4.379,0
2008,31.068,99,8.44,1
2009,2.615,96,2.624,1
2010,19.503,96,4.217,0
2011,1.345,100,0.399,1
2012,2.506,98,4.491,0
2013,36.257,96,5.776,1
2014,5.57,98,5.709,0
2015,21.297,95,3.324,1
2016,16.444,96,3.155,1
2017,13.894,95,1.066,1
2018,35.993,97,3.668,0
2019,0.873,98,0.995,1
2020,26.552,97,7.666,1
2021,38.536,96,9.663,1
2022,22.407,95,9.701,1
2023,37.473,96,8.651,0
2024,2.09,97,6.008,0
2025,16.752,96,7.009,1
2026,10.406,100,2.852,1
2027,29.233,99,6.308,1
2028,39.252,97,4.556,1
2029,10.261,96,4.82,0
2030,26.167,95,7.578,1
2031,7.924,96,2.819,1
2032,22.613,95,3.18,1
2033,18.557,99,9.246,1
2034,38.88,96,0.562,0
2035,24.341,99,4.856,0
2036,13.98,97,9.128,0
2037,4.564,95,6.104,0
2038,6.05,100,5.464,0
2039,9.013,97,2.497,1
2040,10.039,95,3.433,1
2041,34.025,99,8.52,0
2042,22.449,98,5.592,1
2043,20.936,96,5.147,1
2044,4.591,99,0.996,1
2045,34.406,95,0.16,1
2046,28.913,95,9.637,1
2047,2.707,95,3.77,1
2048,28.313,95,6.032,1
2049,21.742,96,0.797,1
2050,3.269,97,6.831,0
2051,18.332,100,9.326,1
2052,19.388,98,5.757,1
2053,6.631,96,1.261,1
2054,37.828,95,5.817,0
2055,33.999,96,7.663,1
2056,26.761,99,4.064,1
2057,18.492,100,8.798,1
2058,16.471,95,6.487,1
2059,26.039,98,8.992,0
2060,21.817,95,6.235,1
2061,2.491,100,1.313,1
2062,20.5,98,3.097,1
2063,32.256,100,2.018,1
2064,18.37,98,9.088,1
2065,2.078,97,7.604,0
2066,31.451,97,6.764,1
2067,8.055,96,3.01,1
2068,10.345,96,1.84,1
2069,6.588,98,7.565,0
2070,13.209,95,4.742,0
2071,30.27,99,2.258,1
2072,20.775,99,6.166,1
2073,8.195,95,0.403,1
2074,35.113,95,3.262,1
2075,35.183,97,4.686,1
2076,34.823,99,1.48,0
2077,9.552,98,9.847,0
2078,18.05,100,2.091,0
2079,39.4,96,1.304,1
2080,30.88,100,2.035,0
2081,1.087,97,7.691,0
2082,2.608,99,4.255,0
2083,18.557,95,5.654,1
2084,36.369,99,0.21,1
2085,21.548,98,0.344,1
2086,19.913,97,4.458,1
2087,4.219,95,8.167,0
2088,26.271,100,8.852,0
2089,32.884,98,0.867,1
2090,15.217,100,5.384,1
2091,31.024,96,9.132,1
2092,38.579,97,3.88,0
2093,8.151,98,8.296,0
2094,20.933,98,1.337,1
2095,11.486,100,9.354,0
2096,31.714,95,7.514,1
2097,23.104,96,9.413,0
2098,25.383,100,6.766,1
2099,31.917,98,3.634,1
2100,15.839,97,9.382,1
2101,36.604,98,2.756,1
2102,21.321,99,3.322,1
2103,6.318,97,7.008,0
2104,27.836,97,7.653,1
2105,31.73,98,9.294,0
2106,12.67,95,2.048,1
2107,34.287,97,7.98,1
2108,36.246,99,7.385,0
2109,11.076,100,0.638,1
2110,39.341,95,3.872,1
2111,5.628,95,2.828,1
2112,8.081,95,3.045,1
2113,7.369,97,9.829,0
2114,35.76,95,6.428,1
2115,26.172,98,7.177,1
2116,6.084,95,9.766,0
2117,17.613,99,3.772,1
2118,24.612,96,8.018,1
2119,3.339,99,4.345,0
2120,35.297,97,8.695,1
2121,32.144,95,1.807,1
2122,20.208,95,9.477,1
2123,38.685,98,2.188,1
2124,16.71,100,3.262,1
2125,39.364,95,7.562,0
2126,26.717,99,3.938,0
2127,25.387,97,6.082,1
2128,6.638,96,4.446,0
2129,35.277,95,7.424,0
2130,17.1,96,2.283,1
2131,6.489,95,0.585,1
2132,0.504,97,2.999,1
2133,22.39,100,4.743,0
2134,21.096,99,1.68,1
2135,28.774,97,3.548,0
2136,35.61,96,4.0,1
2137,3.176,95,0.574,1
2138,29.26,96,5.833,0
2139,7.496,99,8.843,0
2140,34.327,97,1.517,1
2141,32.763,96,5.978,1
2142,21.632,96,6.647,1
2143,28.41,99,4.193,0
2144,12.574,95,7.011,0
2145,18.847,96,4.107,1
2146,32.865,99,5.046,1
2147,18.371,95,0.074,1
2148,14.312,100,6.917,0
2149,19.768,95,6.613,1
2150,33.13,100,0.384,1
2151,13.408,97,3.683,1
2152,6.95,99,9.79,0
2153,28.481,95,4.207,1
2154,33.039,100,5.019,1
2155,4.025,100,9.099,0
2156,9.595,97,7.173,0
2157,5.679,98,5.821,0
2158,13.918,99,7.978,0
2159,18.014,98,8.644,1
2160,29.953,95,4.569,1
2161,26.046,99,4.751,1
2162,24.837,97,3.861,0
2163,14.095,95,9.667,0
2164,33.658,99,6.972,1
2165,18.851,99,0.832,0
2166,39.164,98,8.63,1
2167,25.366,95,4.806,0
2168,5.051,97,0.688,1
2169,27.047,97,5.497,1
2170,13.004,95,4.172,0
2171,27.453,95,8.777,1
2172,2.786,100,2.04,1
2173,6.995,96,8.265,0
2174,34.229,98,5.577,1
2175,9.087,95,0.546,1
2176,33.482,95,9.718,1
2177,11.171,96,5.126,0
2178,25.715,96,2.909,1
2179,27.766,99,4.694,1
2180,20.506,97,8.579,0
2181,12.212,98,3.049,1
2182,8.506,99,1.927,1
2183,1.328,95,1.291,1
2184,12.158,96,2.979,1
2185,26.127,100,7.8,1
2186,37.532,97,4.716,1
2187,34.848,99,2.275,1
2188,30.643,100,1.662,0
2189,31.538,97,3.327,1
2190,26.599,100,9.399,1
2191,10.411,96,3.43,1
2192,36.288,99,9.881,1
2193,26.829,99,4.852,1
2194,22.418,97,1.792,0
2195,4.44,100,8.911,0
2196,17.882,96,4.604,1
2197,18.414,95,7.097,1
2198,34.583,99,9.837,1
2199,21.866,95,0.502,1
2200,15.216,96,0.967,0
2201,39.072,99,7.205,0
2202,4.429,99,2.818,1
2203,16.902,100,1.843,0
2204,1.681,95,0.394,1
2205,29.596,100,0.218,1
2206,36.723,98,7.745,0
2207,11.201,95,1.344,1
2208,34.334,95,4.677,1
2209,11.689,98,6.059,0
2210,36.431,96,4.284,1
2211,30.158,96,0.271,1
2212,32.196,99,7.835,0
2213,0.72,97,0.105,1
2214,38.512,100,7.619,1
2215,29.067,97,8.933,0
2216,12.19,99,4.328,0
2217,33.176,97,5.355,1
2218,11.261,95,4.77,0
2219,34.91,95,3.892,1
2220,4.503,98,8.874,0
2221,28.147,98,8.939,1
2222,21.628,99,3.358,1
2223,3.861,99,6.151,0
2224,9.676,99,9.269,0
2225,0.496,95,9.621,0
2226,18.751,97,5.09,1
2227,12.051,100,4.528,0
2228,23.934,99,2.787,1
2229,11.89,99,9.589,0
2230,11.997,95,1.428,1
2231,29.728,100,5.798,1
2232,1.926,95,2.826,1
2233,36.116,100,2.79,0
2234,34.091,95,4.05,1
2235,26.712,97,9.988,1
2236,23.729,99,0.55,1
2237,35.692,96,5.785,0
2238,7.413,96,0.826,1
2239,3.159,99,1.545,1
2240,9.58,99,4.396,0
2241,31.783,99,5.105,0
2242,1.387,99,2.588,1
2243,23.312,100,3.165,1
2244,39.818,97,0.87,1
2245,34.228,96,3.032,1
2246,20.858,98,9.666,1
2247,2.546,96,9.447,0
2248,33.255,96,3.349,1
2249,23.959,95,5.709,1
2250,4.597,99,9.096,0
2251,3.754,99,0.062,1
2252,36.385,99,8.107,1
2253,26.768,95,9.484,1
2254,33.171,97,0.913,1
2255,35.159,97,1.614,1
2256,22.871,98,9.607,0
2257,20.698,97,5.375,1
2258,17.217,97,0.142,1
2259,12.678,99,2.576,1
2260,17.384,100,4.499,1
2261,30.955,96,6.929,0
2262,24.077,97,7.332,1
2263,35.701,97,9.954,1
2264,17.735,95,2.875,1
2265,24.284,98,5.382,1
2266,25.252,100,5.333,1
2267,23.668,95,4.056,1
2268,28.105,99,1.692,1
2269,9.497,96,9.775,0
2270,20.495,98,8.533,1
2271,4.169,95,4.983,0
2272,15.38,97,6.032,1
2273,19.507,97,2.273,1
2274,26.089,98,5.438,1
2275,38.021,97,6.95,1
2276,24.026,95,5.152,1
2277,29.744,95,9.903,1
2278,20.251,97,6.113,0
2279,25.364,97,3.71,1
2280,2.837,99,7.722,0
2281,10.176,96,1.705,1
2282,14.474,98,3.845,1
2283,18.9,95,3.47,1
2284,1.826,98,4.318,0
2285,5.601,99,7.818,0
2286,11.073,95,4.842,0
2287,38.861,99,7.94,1
2288,13.254,99,5.765,0
2289,19.282,100,3.421,0
2290,7.844,97,8.1,0
2291,24.431,100,2.383,0
2292,11.227,98,2.244,1
2293,8.28,98,5.045,0
2294,20.663,97,2.608,1
2295,0.22,100,0.091,1
2296,0.307,98,6.483,0
2297,8.763,100,5.111,0
2298,1.469,97,4.455,0
2299,4.321,95,9.67,0
2300,13.554,99,5.712,0
2301,32.103,99,8.634,1
2302,22.882,100,1.395,1
2303,20.507,98,5.692,1
2304,11.74,100,8.68,0
2305,37.27,100,5.831,1
2306,15.881,96,7.18,1
2307,3.484,99,3.72,1
2308,24.683,97,0.924,1
2309,4.554,100,4.579,0
2310,13.809,96,3.945,1
2311,20.296,96,8.671,1
2312,34.969,99,2.44,1
2313,19.742,99,9.667,1
2314,28.09,99,9.581,0
2315,39.713,97,2.476,1
2316,5.26,96,3.481,1
2317,10.989,98,8.956,0
2318,15.783,97,9.666,1
2319,16.873,95,4.434,1
2320,16.441,100,3.21,1
2321,36.304,99,5.261,0
2322,28.561,96,6.878,1
2323,24.316,100,2.735,1
2324,12.375,97,7.365,0
2325,32.952,95,0.517,1
2326,38.202,97,0.493,1
2327,32.848,97,3.863,1
2328,0.063,98,3.535,1
2329,25.456,100,3.156,1
2330,2.045,98,4.91,0
2331,10.304,97,3.207,1
2332,2.381,95,1.923,1
2333,24.152,96,3.095,1
2334,27.464,96,9.749,1
2335,4.58,100,4.111,0
2336,15.354,99,4.447,1
2337,18.249,99,5.765,1
2338,14.762,96,9.833,0
2339,4.841,97,2.416,1
2340,16.758,97,6.813,1
2341,30.047,98,7.16,1
2342,2.84,100,6.073,0
2343,3.207,98,0.886,1
2344,14.191,99,6.769,0
2345,37.669,96,0.641,1
2346,26.743,97,5.961,1
2347,27.147,96,7.396,0
2348,14.477,95,2.11,1
2349,23.746,96,8.416,1
2350,0.405,95,0.304,1
2351,25.444,98,8.438,1
2352,36.531,98,4.603,1
2353,24.503,99,2.176,1
2354,34.948,96,1.338,1
2355,28.959,96,9.533,0
2356,4.822,95,0.727,1
2357,36.098,98,1.991,1
2358,2.658,95,3.478,1
2359,21.359,98,6.202,1
2360,5.685,95,5.448,0
2361,0.468,98,1.256,1
2362,16.881,95,2.897,1
2363,11.802,98,2.388,1
2364,19.44,100,2.135,1
2365,23.088,95,4.111,1
2366,1.75,96,7.04,0
2367,4.92,99,2.175,1
2368,22.346,100,3.667,1
2369,13.727,100,3.909,1
2370,29.167,95,9.765,1
2371,26.092,99,9.547,1
2372,33.824,96,8.001,1
2373,27.7,100,2.417,0
2374,17.197,96,0.68,0
2375,26.919,98,3.169,0
2376,11.015,99,2.668,1
2377,12.253,97,5.059,0
2378,31.559,98,7.777,1
2379,17.857,99,8.583,1
2380,31.935,95,8.449,1
2381,32.897,95,3.597,1
2382,34.302,96,6.872,0
2383,36.665,100,3.128,1
2384,17.239,97,0.609,1
2385,12.755,95,7.016,0
2386,23.288,99,0.098,1
2387,14.847,100,4.092,0
2388,24.043,100,3.294,1
2389,28.223,99,6.934,1
2390,27.536,100,7.662,1
2391,14.982,95,3.041,1
2392,6.674,99,8.116,0
2393,17.221,99,2.939,0
2394,5.704,96,4.463,0
2395,35.604,97,7.27,1
2396,13.835,96,6.929,0
2397,6.178,97,9.874,0
2398,1.018,99,2.252,1
2399,25.833,100,6.623,1
2400,25.476,97,6.097,1
2401,13.624,99,9.151,0
2402,2.868,99,1.564,1
2403,16.385,96,7.518,1
2404,12.449,96,5.683,0
2405,27.085,100,2.747,1
2406,24.231,98,4.744,1
2407,14.584,95,3.338,1
2408,8.716,98,5.793,0
2409,39.521,98,8.89,1
2410,18.16,100,5.693,1
2411,27.531,97,6.317,1
2412,5.622,100,5.187,0
2413,19.424,100,0.512,1
2414,1.101,99,2.329,1
2415,20.218,99,4.92,1
2416,38.561,99,3.102,1
2417,15.368,95,1.818,1
2418,1.56,97,5.041,0
2419,1.238,97,3.228,1
2420,15.519,99,2.581,1
2421,6.401,98,4.64,0
2422,0.934,95,1.333,1
2423,30.249,98,9.277,1
2424,18.341,96,8.677,1
2425,11.57,97,7.076,0
2426,36.003,97,1.062,1
2427,4.646,98,7.759,0
2428,38.237,95,8.08,0
2429,12.559,97,7.678,0
2430,35.536,98,1.14,1
2431,24.118,100,6.439,0
2432,33.068,100,8.343,0
2433,39.361,95,5.774,1
2434,11.536,98,6.464,0
2435,38.445,100,4.584,1
2436,15.579,95,5.287,1
2437,15.42,99,0.344,0
2438,13.615,95,6.39,0
2439,21.656,96,0.814,0
2440,6.166,99,4.35,0
2441,22.148,98,2.927,1
2442,21.668,99,5.454,0
2443,30.476,99,1.334,1
2444,33.346,98,6.916,1
2445,17.618,98,7.95,1
2446,12.093,100,1.634,1
2447,10.373,96,1.043,1
2448,7.785,98,1.455,1
2449,2.306,97,8.771,0
2450,13.698,97,5.282,0
2451,10.81,96,4.673,0
2452,38.657,95,1.067,1
2453,22.308,95,6.496,1
2454,13.891,97,8.68,0
2455,23.219,98,8.282,1
2456,5.568,96,6.261,0
2457,17.762,95,0.753,1
2458,25.049,95,1.124,0
2459,19.556,99,0.493,0
2460,16.071,97,2.575,1
2461,39.754,98,1.357,1
2462,35.213,96,2.6,0
2463,24.936,95,3.851,1
2464,22.775,99,9.43,0
2465,24.826,97,6.104,1
2466,8.052,97,8.35,0
2467,15.806,96,7.104,0
2468,1.578,95,1.125,1
2469,19.022,96,7.359,0
2470,21.721,96,2.751,0
2471,9.11,100,6.391,0
2472,38.561,99,3.41,1
2473,36.378,97,9.977,1
2474,28.886,100,2.636,1
2475,21.335,98,2.791,1
2476,34.799,97,9.307,1
2477,5.226,97,0.246,1
2478,31.62,99,6.967,1
2479,4.993,98,7.253,0
2480,31.768,95,8.364,1
2481,11.031,98,9.744,0
2482,35.084,95,9.756,0
2483,37.762,98,0.653,1
2484,5.952,96,8.218,0
2485,18.507,98,6.463,1
2486,39.239,100,6.473,0
2487,19.336,100,1.283,1
2488,34.542,99,6.502,1
2489,23.549,95,9.825,0
2490,15.013,97,9.118,1
2491,11.431,99,4.391,0
2492,8.129,100,0.399,1
2493,30.472,100,3.623,1
2494,15.462,95,8.264,1
2495,20.451,100,7.015,0
2496,19.693,100,4.593,0
2497,23.091,95,0.551,1
2498,34.623,100,4.269,0
2499,39.23,97,4.69,1
2500,16.303,96,9.286,1
2501,33.101,99,6.411,1
2502,30.581,97,3.117,0
2503,22.941,97,5.253,1
2504,38.242,96,0.661,1
2505,8.019,99,9.726,0
2506,4.371,97,3.601,1
2507,34.158,100,4.779,1
2508,17.566,96,3.553,1
2509,33.879,99,6.825,1
2510,35.724,98,6.622,1
2511,2.498,95,7.153,0
2512,35.339,100,2.681,1
2513,17.933,96,3.157,1
2514,20.417,95,1.253,1
2515,25.064,98,6.555,1
2516,37.055,97,0.398,1
2517,0.765,97,5.977,0
2518,19.074,99,8.697,1
2519,27.509,96,8.908,1
2520,28.908,96,4.49,0
2521,27.701,99,4.593,1
2522,5.377,95,0.77,1
2523,11.976,97,6.708,0
2524,14.349,97,8.213,0
2525,32.177,96,2.447,1
2526,11.15,96,4.213,0
2527,8.428,99,8.388,0
2528,38.298,98,8.771,1
2529,0.355,95,2.432,1
2530,39.913,100,5.506,1
2531,27.073,98,1.925,1
2532,33.139,98,1.019,1
2533,11.785,96,9.111,0
2534,0.573,96,8.205,0
2535,29.515,96,7.6,1
2536,33.366,98,0.488,1
2537,29.619,95,8.437,1
2538,5.714,96,4.38,0
2539,30.137,97,3.424,1
2540,30.757,95,5.465,1
2541,26.342,97,0.914,1
2542,30.645,95,7.566,1
2543,33.837,96,5.824,0
2544,24.544,100,1.866,0
2545,3.544,99,1.882,1
2546,19.505,96,1.842,0
2547,3.106,98,0.57,1
2548,16.302,100,5.878,1
2549,16.284,98,8.403,1
2550,2.64,95,0.175,1
2551,13.953,98,0.49,1
2552,4.44,100,5.728,0
2553,32.329,100,8.195,1
2554,37.908,96,3.267,1
2555,2.893,97,3.496,1
2556,38.205,96,5.963,1
2557,20.903,95,2.742,1
2558,11.983,98,0.266,1
2559,3.074,97,7.352,0
2560,20.025,99,6.256,1
2561,31.781,100,5.808,1
2562,28.283,97,7.417,0
2563,2.009,97,6.752,0
2564,2.916,96,2.059,1
2565,16.115,99,3.525,1
2566,11.812,100,1.261,1
2567,9.295,95,1.299,1
2568,11.24,95,6.762,0
2569,32.139,97,8.586,1
2570,37.169,97,9.627,1
2571,16.204,98,6.283,1
2572,36.244,99,1.841,1
2573,12.86,100,1.057,1
2574,19.057,97,8.129,1
2575,9.041,98,5.788,0
2576,25.619,99,6.183,1
2577,39.159,100,7.815,0
2578,24.14,95,7.033,1
2579,14.313,98,8.345,0
2580,25.913,99,0.562,1
2581,4.917,98,7.475,0
2582,35.546,97,8.509,0
2583,20.123,96,2.861,1
2584,17.974,95,6.404,1
2585,23.435,97,3.142,1
2586,24.991,97,9.58,0
2587,2.871,99,0.334,1
2588,27.305,98,5.798,1
2589,9.677,95,1.665,1
2590,28.558,97,7.122,1
2591,32.901,99,1.759,1
2592,32.158,95,2.354,1
2593,22.1,98,4.944,1
2594,20.807,97,9.148,0
2595,5.715,100,2.117,1
2596,31.014,97,1.442,0
2597,10.856,97,7.59,0
2598,19.868,95,5.006,1
2599,11.371,95,9.118,0
2600,5.353,95,1.466,1
2601,25.182,95,6.459,0
2602,2.173,99,2.329,1
2603,29.946,96,1.568,0
2604,12.703,99,6.834,0
2605,0.005,97,5.937,0
2606,20.445,99,7.548,1
2607,1.874,98,3.095,1
2608,11.047,100,4.48,0
2609,28.279,95,4.055,1
2610,2.508,98,9.841,0
2611,33.574,100,2.922,0
2612,0.153,98,2.948,1
2613,9.873,97,3.545,1
2614,29.636,95,5.646,0
2615,12.651,98,2.523,1
2616,4.076,97,9.153,0
2617,14.409,95,2.657,1
2618,10.816,96,8.958,0
2619,33.708,97,1.035,0
2620,12.534,99,6.566,0
2621,31.557,95,9.07,0
2622,35.675,98,1.687,1
2623,17.353,100,9.683,1
2624,36.398,98,4.529,1
2625,15.093,99,9.457,1
2626,38.563,99,6.768,1
2627,3.572,98,3.016,1
2628,27.481,100,1.883,0
2629,19.753,95,3.037,1
2630,15.506,97,0.93,1
2631,25.308,99,1.439,1
2632,28.154,99,1.047,1
2633,0.175,99,4.229,0
2634,6.678,100,7.956,0
2635,28.522,96,1.414,0
2636,26.655,100,1.303,1
2637,38.642,95,6.434,1
2638,30.442,95,1.972,1
2639,38.031,95,0.976,0
2640,28.102,95,1.668,1
2641,11.922,95,9.237,0
2642,4.215,98,8.215,0
2643,31.273,99,3.541,1
2644,25.766,100,6.558,1
2645,1.927,98,5.373,0
2646,14.402,100,6.771,0
2647,38.272,96,6.827,1
2648,20.016,97,6.287,1
2649,17.309,99,2.661,0
2650,18.308,96,0.39,0
2651,8.355,98,4.556,0
2652,14.748,97,8.91,0
2653,14.793,96,5.695,0
2654,2.094,100,8.324,0
2655,30.703,97,9.916,1
2656,16.66,100,1.636,1
2657,32.887,96,6.918,1
2658,34.014,98,6.743,1
2659,8.48,100,9.8,0
2660,26.294,97,9.856,1
2661,18.891,96,6.867,1
2662,35.206,100,2.436,1
2663,8.63,98,7.986,0
2664,27.113,99,1.07,1
2665,24.31,98,7.807,1
2666,11.812,98,9.102,0
2667,5.464,99,3.828,1
2668,26.066,98,6.306,1
2669,29.544,99,4.301,1
2670,12.625,99,4.378,0
2671,25.793,100,3.104,1
2672,15.805,100,7.621,1
2673,28.528,99,9.362,1
2674,7.969,96,9.408,0
2675,35.609,97,1.748,1
2676,11.496,96,8.747,0
2677,14.711,99,7.374,0
2678,2.324,97,2.528,1
2679,4.46,100,0.673,1
2680,20.634,97,2.68,0
2681,10.704,99,9.122,0
2682,33.419,100,6.332,0
2683,0.588,97,7.211,0
2684,15.164,97,2.572,1
2685,13.494,96,7.194,0
2686,0.773,97,0.281,1
2687,4.975,99,3.753,1
2688,16.546,95,6.268,1
2689,19.715,95,1.461,1
2690,16.172,95,8.23,1
2691,21.238,99,2.35,1
2692,23.805,95,6.523,0
2693,0.397,96,4.052,0
2694,18.564,99,5.96,1
2695,38.54,100,1.075,1
2696,20.761,99,0.169,1
2697,27.102,99,9.096,1
2698,12.475,97,2.696,1
2699,30.96,97,8.197,1
2700,30.917,97,9.994,1
2701,20.852,98,2.114,1
2702,39.041,96,2.652,1
2703,5.022,99,6.629,0
2704,0.678,99,9.654,0
2705,30.806,97,9.158,1
2706,32.286,99,5.029,0
2707,4.808,100,7.951,0
2708,10.623,99,1.357,1
2709,0.702,95,9.774,0
2710,11.732,100,9.644,0
2711,30.926,100,1.637,1
2712,20.718,99,2.994,1
2713,13.924,98,1.002,1
2714,14.87,97,2.717,1
2715,0.054,96,8.16,0
2716,11.992,96,3.783,1
2717,25.858,95,0.884,1
2718,38.968,96,3.422,1
2719,33.882,96,9.814,0
2720,0.944,97,6.297,0
2721,35.942,97,4.162,1
2722,31.328,98,1.665,1
2723,31.215,95,9.862,1
2724,18.32,96,8.208,1
2725,15.92,98,2.815,0
2726,12.117,95,0.701,1
2727,2.628,100,0.566,1
2728,9.129,96,1.204,1
2729,9.864,96,5.808,0
2730,19.363,97,9.288,1
2731,29.898,99,4.967,1
2732,18.952,95,8.429,1
2733,2.314,96,4.459,0
2734,38.312,95,7.086,1
2735,37.709,98,7.319,1
2736,31.408,98,1.74,0
2737,39.653,99,3.612,0
2738,21.779,96,6.373,1
2739,38.511,97,0.707,1
2740,3.024,96,3.615,1
2741,14.627,95,5.348,0
2742,9.015,100,9.962,0
2743,7.833,98,4.745,0
2744,5.632,95,8.161,0
2745,24.897,99,4.321,1
2746,31.253,98,7.964,0
2747,23.132,97,5.954,1
2748,5.879,98,8.866,0
2749,32.445,100,4.109,1
2750,25.438,96,6.043,1
2751,15.527,100,6.3,0
2752,26.965,100,4.174,1
2753,10.396,96,1.443,1
2754,13.808,98,0.936,1
2755,36.699,99,0.167,1
2756,11.62,96,8.735,0
2757,18.8,96,2.365,1
2758,35.606,97,2.115,1
2759,28.309,98,7.36,1
2760,2.488,96,3.2,1
2761,5.892,99,5.06,0
2762,0.314,95,1.625,1
2763,25.237,98,9.597,0
2764,17.907,97,8.516,0
2765,5.371,100,8.638,0
2766,38.317,96,4.068,0
2767,21.186,99,7.624,0
2768,9.676,98,1.439,1
2769,20.024,99,0.086,1
2770,27.185,99,0.2,0
2771,3.05,100,5.866,0
2772,10.988,97,4.554,0
2773,32.279,98,5.18,1
2774,18.387,96,0.075,0
2775,21.863,97,4.227,0
2776,17.313,96,7.181,1
2777,1.756,95,4.427,0
2778,6.63,99,7.322,0
2779,17.822,95,2.33,1
2780,8.367,99,8.131,0
2781,1.999,100,5.884,0
2782,33.746,97,2.108,1
2783,39.248,96,2.367,1
2784,31.726,100,6.28,1
2785,34.151,96,8.299,1
2786,9.679,97,4.156,0
2787,38.425,98,2.583,1
2788,7.877,95,8.67,0
2789,38.057,95,6.693,1
2790,39.793,96,4.481,1
2791,28.469,96,4.879,1
2792,39.246,96,2.043,1
2793,22.782,97,6.268,1
2794,10.382,98,3.587,1
2795,17.48,95,9.956,1
2796,23.742,100,4.802,1
2797,2.923,99,4.859,0
2798,24.894,97,5.659,1
2799,39.247,95,9.168,1
2800,7.604,98,8.008,0
2801,31.704,97,4.511,1
2802,36.316,100,7.187,0
2803,37.748,95,5.862,0
2804,38.405,97,4.924,1
2805,20.858,95,1.923,1
2806,39.092,95,4.639,1
2807,30.292,98,2.458,1
2808,6.467,99,9.148,0
2809,19.076,98,3.354,1
2810,28.733,95,9.523,1
2811,9.894,97,5.331,0
2812,25.625,100,6.315,1
2813,26.664,98,5.429,1
2814,6.508,99,1.294,1
2815,22.603,95,3.758,1
2816,30.865,100,0.991,0
2817,19.956,98,6.23,1
2818,0.484,98,4.469,0
2819,0.362,98,7.78,0
2820,14.281,98,2.205,1
2821,37.048,100,1.646,1
2822,9.147,97,4.063,0
2823,25.375,99,9.266,1
2824,8.883,99,7.104,0
2825,12.867,95,4.189,0
2826,33.922,96,5.173,1
2827,29.154,97,0.842,1
2828,3.816,95,9.846,0
2829,17.148,95,6.664,1
2830,1.167,98,2.854,1
2831,19.236,96,5.858,1
2832,26.497,96,1.095,0
2833,4.74,97,9.658,0
2834,11.555,96,1.748,1
2835,15.913,95,6.48,1
2836,36.781,96,2.455,1
2837,39.73,96,7.176,0
2838,1.796,99,7.768,0
2839,30.44,95,6.734,1
2840,14.869,100,6.145,0
2841,15.698,96,8.925,1
2842,30.171,96,0.786,1
2843,36.737,98,3.309,1
2844,38.037,96,2.483,0
2845,23.085,96,9.88,1
2846,14.285,99,3.894,1
2847,31.502,95,7.326,1
2848,10.04,97,6.847,0
2849,22.563,95,2.121,1
2850,14.343,98,2.39,1
2851,26.265,95,2.813,1
2852,9.616,96,4.111,0
2853,7.664,98,2.343,1
2854,36.73,95,0.197,1
2855,4.072,98,8.794,0
2856,20.238,97,9.656,1
2857,8.834,95,3.416,1
2858,1.557,100,3.385,1
2859,1.441,96,0.071,1
2860,7.009,98,6.803,0
2861,34.671,100,8.254,1
2862,11.299,100,1.466,1
2863,38.018,99,1.597,1
2864,23.265,98,7.901,1
2865,17.465,100,6.163,1
2866,23.204,99,0.449,0
2867,20.668,100,6.225,0
2868,30.351,96,3.089,1
2869,11.3,97,3.687,1
2870,14.122,99,7.697,0
2871,35.764,97,8.109,0
2872,37.858,98,4.004,1
2873,35.702,96,9.472,0
2874,16.778,99,4.065,1
2875,31.215,98,7.718,1
2876,19.053,100,4.839,1
2877,19.902,95,8.975,1
2878,8.187,98,9.078,0
2879,23.645,97,0.874,0
2880,7.445,96,9.365,0
2881,13.263,96,8.255,0
2882,34.201,98,7.913,1
2883,8.283,100,2.009,1
2884,2.846,95,8.051,0
2885,2.76,97,8.501,0
2886,37.631,98,2.892,1
2887,20.277,98,9.523,1
2888,16.376,96,0.499,1
2889,32.435,97,1.499,1
2890,33.433,95,5.376,1
2891,13.288,96,5.758,0
2892,27.745,98,6.452,1
2893,30.845,96,0.17,0
2894,26.186,96,9.604,1
2895,6.064,99,0.446,1
2896,35.035,96,1.431,1
2897,21.564,100,0.14,1
2898,11.299,96,5.669,0
2899,17.009,100,9.323,0
2900,1.503,97,6.659,0
2901,5.115,96,8.227,0
2902,30.622,95,0.133,1
2903,0.0,100,5.42,0
2904,16.663,100,4.596,1
2905,20.9,98,4.99,1
2906,2.185,97,0.722,1
2907,38.923,96,6.844,1
2908,9.045,95,5.032,0
2909,12.168,98,7.651,0
2910,12.158,97,4.853,0
2911,9.217,100,1.494,1
2912,0.059,95,6.483,0
2913,29.174,96,1.724,1
2914,38.674,99,8.724,0
2915,8.972,99,6.131,0
2916,26.522,97,1.572,1
2917,29.676,95,9.623,1
2918,33.937,98,5.184,1
2919,16.905,95,0.729,0
2920,12.117,100,6.268,0
2921,13.012,99,2.532,1
2922,28.505,97,8.037,1
2923,32.671,96,8.178,1
2924,7.265,95,9.789,0
2925,14.838,99,5.019,0
2926,36.078,98,4.55,0
2927,32.268,97,7.535,1
2928,39.394,96,1.325,1
2929,30.17,95,5.469,1
2930,15.728,98,5.462,1
2931,23.626,96,0.895,0
2932,26.441,100,4.18,1
2933,3.138,99,8.533,0
2934,21.78,100,8.562,1
2935,28.373,99,0.992,1
2936,6.693,98,0.907,1
2937,31.225,100,2.627,1
2938,23.351,99,8.748,1
2939,38.089,97,1.289,0
2940,1.697,98,7.2,0
2941,10.613,99,1.012,1
2942,24.062,95,6.231,1
2943,11.862,99,3.561,1
2944,28.577,100,7.889,1
2945,30.36,97,2.337,1
2946,4.101,96,6.392,0
2947,20.554,96,2.357,1
2948,20.356,99,7.137,1
2949,14.771,96,8.737,0
2950,37.317,99,1.268,1
2951,33.1,97,8.666,1
2952,27.888,96,5.936,1
2953,28.573,100,1.271,1
2954,18.469,100,4.275,1
2955,36.84,95,1.609,1
2956,27.784,99,7.003,1
2957,29.159,96,7.589,1
2958,34.468,100,1.058,0
2959,10.963,97,5.061,0
2960,32.283,97,8.146,1
2961,7.81,95,9.362,0
2962,13.814,97,5.135,0
2963,13.424,97,9.503,0
2964,39.141,96,5.357,1
2965,34.261,99,3.942,1
2966,28.047,98,8.482,0
2967,29.082,97,4.93,1
2968,22.483,97,4.719,1
2969,37.884,98,4.903,1
2970,19.85,97,8.468,1
2971,15.221,96,8.319,1
2972,6.521,96,4.035,0
2973,31.448,98,3.333,0
2974,29.378,100,4.919,1
2975,15.374,97,5.728,1
2976,1.008,100,2.383,1
2977,33.56,97,7.94,1
2978,0.457,99,4.865,0
2979,28.148,97,3.34,1
2980,38.81,96,1.068,0
2981,17.506,95,2.388,1
2982,9.399,95,9.493,0
2983,28.195,95,3.051,1
2984,32.685,95,1.689,1
2985,21.857,100,4.607,0
2986,38.681,100,3.071,1
2987,2.067,97,0.352,1
2988,20.192,100,3.231,0
2989,28.738,97,5.441,1
2990,34.506,99,5.517,1
2991,7.17,97,3.566,1
2992,32.0,95,4.473,1
2993,22.108,98,9.655,0
2994,15.862,98,3.773,1
2995,5.269,96,2.582,1
2996,34.612,96,2.435,1
2997,6.291,97,4.578,0
2998,12.392,98,7.595,0
2999,11.602,95,2.06,1
3000,34.857,100,7.093,1
3001,26.908,95,0.211,1
3002,31.867,95,4.189,0
3003,10.019,97,7.759,0
3004,24.995,97,3.387,1
3005,22.87,99,5.637,1
3006,33.313,95,2.05,0
3007,36.243,95,7.42,1
3008,0.486,97,0.523,1
3009,26.961,97,8.525,1
3010,2.073,99,1.982,1
3011,21.954,99,8.744,1
3012,11.505,96,3.525,1
3013,12.271,98,7.227,0
3014,14.118,95,3.192,1
3015,24.852,95,9.059,0
3016,13.362,99,1.266,1
3017,29.308,99,1.785,1
3018,16.181,96,4.93,1
3019,2.734,98,0.819,1
3020,31.35,96,1.96,1
3021,11.43,98,9.438,0
3022,17.311,100,9.765,1
3023,27.418,95,3.763,1
3024,13.298,96,9.233,0
3025,2.263,99,5.448,0
3026,14.957,96,2.697,1
3027,37.778,100,7.024,1
3028,25.669,96,6.589,1
3029,26.859,95,9.891,1
3030,25.291,100,2.65,1
3031,7.96,99,6.721,0
3032,16.733,99,0.52,1
3033,30.038,97,1.136,1
3034,4.055,100,0.039,1
3035,11.114,97,9.995,0
3036,11.053,97,8.023,0
3037,17.281,95,7.867,1
3038,39.215,96,5.097,1
3039,2.7,99,3.001,1
3040,20.748,99,1.513,1
3041,7.175,96,2.847,1
3042,38.827,99,3.76,1
3043,4.532,96,7.563,0
3044,16.144,100,5.397,0
3045,29.515,95,0.775,1
3046,28.182,95,0.18,1
3047,16.909,95,1.023,0
3048,13.861,96,4.105,0
3049,15.904,96,9.332,1
3050,10.571,98,6.374,0
3051,8.213,99,8.018,0
3052,19.322,99,4.664,1
3053,10.741,98,3.617,1
3054,11.498,98,1.084,1
3055,26.27,95,8.759,1
3056,38.741,98,7.832,1
3057,24.145,96,1.681,1
3058,3.079,97,5.123,0
3059,3.023,96,4.874,0
3060,38.057,98,6.251,1
3061,11.892,99,9.462,0
3062,3.683,96,5.798,0
3063,23.962,99,5.402,1
3064,24.946,96,0.503,1
3065,25.94,99,0.629,1
3066,10.696,100,1.873,1
3067,0.604,96,0.325,1
3068,38.601,99,7.434,1
3069,10.036,97,7.233,0
3070,27.041,95,1.361,1
3071,28.265,96,8.361,1
3072,24.4,97,1.548,1
3073,12.516,95,3.012,1
3074,10.844,96,2.49,1
3075,23.907,97,3.723,1
3076,34.644,97,2.547,1
3077,37.869,100,4.89,1
3078,4.236,97,4.074,0
3079,6.193,100,9.866,0
3080,37.789,98,0.559,1
3081,29.461,99,1.422,1
3082,35.32,95,0.528,1
3083,8.105,99,6.258,0
3084,23.503,99,0.545,0
3085,28.046,100,8.364,1
3086,27.204,99,5.119,1
3087,16.326,97,5.27,1
3088,0.616,100,5.616,0
3089,23.317,99,1.708,1
3090,1.526,97,7.151,1
3091,0.737,99,6.146,1
3092,0.08,100,0.47,1
3093,4.921,99,8.791,1
3094,9.906,100,8.128,1
3095,10.956,99,6.648,1
3096,6.799,98,3.391,1
3097,10.265,100,0.705,1
3098,5.399,96,5.8,1
3099,10.017,98,7.197,1
3100,0.609,99,0.942,1
3101,5.861,100,6.338,1
3102,11.863,98,2.864,1
3103,12.045,99,7.642,1
3104,10.742,95,5.396,1
3105,3.064,95,1.29,1
3106,3.708,97,5.265,1
3107,14.941,96,3.957,1
3108,1.551,95,1.804,1
3109,2.71,99,8.415,1
3110,1.95,98,0.11,1
3111,4.915,100,3.121,1
3112,3.153,98,0.126,1
3113,7.465,97,0.96,1
3114,7.14,98,2.971,1
3115,13.523,95,0.543,1
3116,0.521,98,5.966,1
3117,4.798,95,0.869,1
3118,8.95,95,7.017,1
3119,9.072,96,0.526,1
3120,7.202,97,0.593,1
3121,12.235,99,3.053,1
3122,0.941,95,8.966,1
3123,12.232,100,6.414,1
3124,7.421,97,7.701,1
3125,2.006,99,1.416,1
3126,13.286,100,8.341,1
3127,9.738,98,0.081,1
3128,2.453,97,2.131,1
3129,0.505,100,6.161,1
3130,2.117,97,3.752,1
3131,9.132,97,9.842,1
3132,2.689,98,0.303,1
3133,3.386,98,9.986,1
3134,0.377,97,6.236,1
3135,10.844,100,5.587,1
3136,12.155,96,0.595,1
3137,11.953,95,2.733,1
3138,1.914,98,9.247,1
3139,13.55,96,3.542,1
3140,10.084,98,6.617,1
3141,13.463,97,9.995,1
3142,6.707,96,2.631,1
3143,6.554,100,5.761,1
3144,11.768,100,6.964,1
3145,1.399,99,1.646,1
3146,7.813,95,1.487,1
3147,12.546,95,4.563,1
3148,12.453,98,3.858,1
3149,14.342,95,7.142,1
3150,10.474,99,0.695,1
3151,3.117,100,9.722,1
3152,0.304,96,0.143,1
3153,7.191,96,6.013,1
3154,7.706,100,5.626,1
3155,3.604,97,1.347,1
3156,1.87,100,1.509,1
3157,8.793,96,7.927,1
3158,11.464,98,8.876,1
3159,14.897,99,2.83,1
3160,11.375,100,4.38,1
3161,11.904,97,3.55,1
3162,9.247,98,0.725,1
3163,14.789,100,6.732,1
3164,9.599,98,8.252,1
3165,12.904,100,3.049,1
3166,14.187,98,9.902,1
3167,13.948,95,0.759,1
3168,5.721,98,6.618,1
3169,1.18,95,4.482,1
3170,2.578,96,4.466,1
3171,0.888,95,4.576,1
3172,1.581,98,2.587,1
3173,2.77,99,7.156,1
3174,5.116,99,7.216,1
3175,8.153,96,2.824,1
3176,10.675,98,8.353,1
3177,3.164,95,3.168,1
3178,10.088,99,7.251,1
3179,10.564,100,1.21,1
3180,8.379,97,1.687,1
3181,13.554,98,3.158,1
3182,1.665,100,5.939,1
3183,2.657,100,6.455,1
3184,6.43,98,3.964,1
3185,1.901,97,0.778,1
3186,8.494,99,3.736,1
3187,5.976,97,6.888,1
3188,4.269,96,6.71,1
3189,2.55,95,1.602,1
3190,5.03,95,0.078,1
3191,9.119,100,7.53,1
3192,8.637,99,1.064,1
3193,2.454,97,0.823,1
3194,1.874,100,0.027,1
3195,0.4,98,4.326,1
3196,0.186,100,5.033,1
3197,13.197,98,6.377,1
3198,0.676,98,2.961,1
3199,10.968,96,7.104,1
3200,13.08,96,1.693,1
3201,1.471,98,8.32,1
3202,6.545,99,5.718,1
3203,14.435,96,5.839,1
3204,12.512,96,2.098,1
3205,7.346,95,0.741,1
3206,11.439,100,4.647,1
3207,12.501,95,6.156,1
3208,5.22,99,0.95,1
3209,13.382,96,9.505,1
3210,7.057,96,9.804,1
3211,7.917,97,5.455,1
3212,14.996,99,9.501,1
3213,12.65,100,1.794,1
3214,5.427,100,0.254,1
3215,0.155,100,0.394,1
3216,9.393,99,5.875,1
3217,10.559,97,0.616,1
3218,9.762,97,9.585,1
3219,14.518,95,1.419,1
3220,12.945,99,3.047,1
3221,6.732,99,8.225,1
3222,0.943,97,2.187,1
3223,7.141,98,2.43,1
3224,10.339,98,6.423,1
3225,9.116,95,2.761,1
3226,8.072,98,2.174,1
3227,7.032,98,2.542,1
3228,4.406,98,4.906,1
3229,4.16,96,9.661,1
3230,7.503,95,8.322,1
3231,2.409,97,2.846,1
3232,5.11,98,3.634,1
3233,4.86,100,4.645,1
3234,8.807,96,9.789,1
3235,1.0,98,1.724,1
3236,12.445,96,3.575,1
3237,8.436,95,7.294,1
3238,10.062,100,9.639,1
3239,10.546,100,1.557,1
3240,4.372,100,2.274,1
3241,7.056,98,2.257,1
3242,14.344,96,0.209,1
3243,11.501,100,6.041,1
3244,14.543,99,6.707,1
3245,11.194,99,6.025,1
3246,2.634,96,0.713,1
3247,0.968,98,0.692,1
3248,8.665,98,2.104,1
3249,5.367,95,2.903,1
3250,4.132,95,7.865,1
3251,12.108,100,1.594,1
3252,5.505,97,0.441,1
3253,4.755,95,3.94,1
3254,12.75,98,4.164,1
3255,12.694,97,4.509,1
3256,5.345,95,8.269,1
3257,12.487,96,0.98,1
3258,12.762,99,7.039,1
3259,6.359,95,3.379,1
3260,0.997,95,3.1,1
3261,0.024,96,9.325,1
3262,7.849,98,2.485,1
3263,5.161,100,6.425,1
3264,14.957,96,2.751,1
3265,11.586,100,5.071,1
3266,11.419,95,7.863,1
3267,14.329,98,8.817,1
3268,13.316,97,8.387,1
3269,4.773,95,5.822,1
3270,2.49,96,2.488,1
3271,11.188,97,6.612,1
3272,5.674,99,7.099,1
3273,7.098,97,0.107,1
3274,9.456,96,4.392,1
3275,13.618,97,8.433,1
3276,6.286,96,4.896,1
3277,11.75,95,3.114,1
3278,4.025,98,8.718,1
3279,10.47,99,1.559,1
3280,0.024,98,2.064,1
3281,13.073,98,6.874,1
3282,0.456,98,3.524,1
3283,10.691,96,7.13,1
3284,0.694,96,1.577,1
3285,3.994,99,2.523,1
3286,7.458,96,1.566,1
3287,6.299,100,9.529,1
3288,2.878,96,4.054,1
3289,5.007,96,3.372,1
3290,10.916,96,0.142,1
3291,10.039,95,1.534,1
3292,1.077,99,4.211,1
3293,11.21,100,0.685,1
3294,0.796,96,5.107,1
3295,8.144,99,4.55,1
3296,3.901,97,7.672,1
3297,8.815,95,6.598,1
3298,3.92,96,4.459,1
3299,14.774,100,2.247,1
3300,4.646,95,7.269,1
3301,3.629,100,7.079,1
3302,4.177,95,1.533,1
3303,13.447,97,9.148,1
3304,9.543,99,0.644,1
3305,10.96,95,0.55,1
3306,13.77,98,1.874,1
3307,13.678,97,9.095,1
3308,11.084,98,5.2,1
3309,2.967,97,7.879,1
3310,12.651,98,2.278,1
3311,3.057,98,4.902,1
3312,11.143,100,3.583,1
3313,10.284,95,8.278,1
3314,11.383,95,0.226,1
3315,7.99,97,2.438,1
3316,9.581,99,1.526,1
3317,14.3,100,8.592,1
3318,1.516,95,4.675,1
3319,4.633,95,4.042,1
3320,9.17,100,4.495,1
3321,14.461,96,9.719,1
3322,1.434,100,8.503,1
3323,0.338,95,7.064,1
3324,0.836,99,2.905,1
3325,0.786,96,1.652,1
3326,13.617,98,9.214,1
3327,10.819,100,4.231,1
3328,10.157,98,2.788,1
3329,7.839,96,4.709,1
3330,11.729,96,9.178,1
3331,2.335,96,3.871,1
3332,5.879,97,5.626,1
3333,7.35,100,8.03,1
3334,1.656,99,4.271,1
3335,6.293,99,2.335,1
3336,4.748,98,9.945,1
3337,0.534,98,9.566,1
3338,2.051,98,8.435,1
3339,11.461,100,6.884,1
3340,0.271,95,2.949,1
3341,14.014,98,9.134,1
3342,1.296,96,2.756,1
3343,11.989,98,8.008,1
3344,13.479,96,9.183,1
3345,14.117,97,6.03,1
3346,13.012,95,8.031,1
3347,4.313,95,7.917,1
3348,4.996,100,1.932,1
3349,6.398,100,6.679,1
3350,2.089,99,0.935,1
3351,0.334,97,5.079,1
3352,13.037,100,1.622,1
3353,8.312,96,4.163,1
3354,9.131,97,8.33,1
3355,13.905,95,9.872,1
3356,9.977,96,3.18,1
3357,10.363,97,5.32,1
3358,11.805,95,5.113,1
3359,1.745,100,9.544,1
3360,5.402,96,4.786,1
3361,14.523,96,6.991,1
3362,13.844,95,9.218,1
3363,13.261,96,3.734,1
3364,6.781,100,9.021,1
3365,12.858,100,9.175,1
3366,0.726,100,9.307,1
3367,2.228,95,2.704,1
3368,6.21,98,4.004,1
3369,7.251,98,8.704,1
3370,3.953,96,3.592,1
3371,5.347,100,6.003,1
3372,2.442,96,1.181,1
3373,7.337,95,0.563,1
3374,11.908,96,4.12,1
3375,9.92,99,5.789,1
3376,1.617,98,3.927,1
3377,7.314,96,5.777,1
3378,10.465,96,5.151,1
3379,7.948,97,6.857,1
3380,5.875,96,6.495,1
3381,9.329,99,4.242,1
3382,14.53,98,4.25,1
3383,1.424,97,1.408,1
3384,5.85,95,5.132,1
3385,6.099,95,5.872,1
3386,8.655,98,4.765,1
3387,2.283,95,3.257,1
3388,2.65,99,7.216,1
3389,4.28,96,0.747,1
3390,14.338,98,9.144,1
3391,11.012,97,0.206,1
3392,9.925,96,9.624,1
3393,12.254,95,4.624,1
3394,1.914,95,4.127,1
3395,12.89,97,2.564,1
3396,8.922,99,0.101,1
3397,5.03,97,2.748,1
3398,12.238,98,1.094,1
3399,12.038,97,6.598,1
3400,12.686,95,3.191,1
3401,1.733,99,7.672,1
3402,14.54,99,2.069,1
3403,14.394,100,9.002,1
3404,5.362,97,5.23,1
3405,0.988,98,1.145,1
3406,2.506,95,4.008,1
3407,14.892,96,2.068,1
3408,8.445,99,1.997,1
3409,5.349,97,5.064,1
3410,4.323,100,6.719,1
3411,3.855,98,9.116,1
3412,9.962,98,5.022,1
3413,6.291,95,9.658,1
3414,14.481,99,9.416,1
3415,10.258,95,8.651,1
3416,11.881,100,5.0,1
3417,4.391,96,1.409,1
3418,1.188,96,2.179,1
3419,7.317,96,6.477,1
3420,4.719,98,4.218,1
3421,3.031,99,1.468,1
3422,14.29,95,4.79,1
3423,6.66,95,0.174,1
3424,2.621,100,7.339,1
3425,2.98,96,0.736,1
3426,4.211,99,6.291,1
3427,14.99,99,7.93,1
3428,4.02,100,1.326,1
3429,4.932,97,5.186,1
3430,9.89,99,7.791,1
3431,4.409,99,2.606,1
3432,3.237,95,1.629,1
3433,2.38,100,3.368,1
3434,4.69,99,5.547,1
3435,1.589,99,5.753,1
3436,0.28,95,1.309,1
3437,12.07,99,4.576,1
3438,2.068,95,2.683,1
3439,11.64,97,8.42,1
3440,11.963,98,3.136,1
3441,8.069,95,8.387,1
3442,4.645,95,4.286,1
3443,2.175,99,7.266,1
3444,11.052,95,5.101,1
3445,9.021,100,6.22,1
3446,9.832,96,3.954,1
3447,0.13,96,7.682,1
3448,13.913,97,4.252,1
3449,0.994,95,4.575,1
3450,5.502,100,5.177,1
3451,6.041,99,8.318,1
3452,0.02,99,6.594,1
3453,7.456,98,3.492,1
3454,11.292,97,6.703,1
3455,12.349,100,6.424,1
3456,13.191,100,9.31,1
3457,7.316,99,8.414,1
3458,9.46,98,6.474,1
3459,1.193,99,3.415,1
3460,7.321,98,7.796,1
3461,2.322,96,5.752,1
3462,5.545,100,9.853,1
3463,4.94,96,2.475,1
3464,6.353,99,0.797,1
3465,8.575,97,0.699,1
3466,13.543,95,6.4,1
3467,5.917,97,9.393,1
3468,14.717,97,0.019,1
3469,11.385,95,7.258,1
3470,7.672,100,6.571,1
3471,9.66,96,7.323,1
3472,1.533,96,3.554,1
3473,12.668,100,8.205,1
3474,8.735,95,0.447,1
3475,14.791,98,7.554,1
3476,9.546,97,2.671,1
3477,12.512,99,4.768,1
3478,11.996,96,8.226,1
3479,5.182,100,2.714,1
3480,3.894,99,1.852,1
3481,6.457,95,6.813,1
3482,7.009,99,5.334,1
3483,3.601,99,5.144,1
3484,13.419,97,2.568,1
3485,8.138,95,0.349,1
3486,14.677,99,4.103,1
3487,12.15,96,1.066,1
3488,8.336,95,9.06,1
3489,14.206,96,0.413,1
3490,7.573,100,4.317,1
3491,13.307,100,0.522,1
3492,5.372,98,0.955,1
3493,5.68,100,6.589,1
3494,6.272,99,6.471,1
3495,8.199,95,0.331,1
3496,8.302,100,0.011,1
3497,7.446,96,0.788,1
3498,4.59,99,7.63,1
3499,13.908,100,5.846,1
3500,8.829,97,0.381,1
3501,6.116,96,4.881,1
3502,9.768,96,7.12,1
3503,11.52,98,8.69,1
3504,14.411,97,9.34,1
3505,7.493,98,3.274,1
3506,1.681,100,1.358,1
3507,6.611,97,2.369,1
3508,7.185,96,7.762,1
3509,13.455,98,9.715,1
3510,5.922,99,4.664,1
3511,14.3,97,3.054,1
3512,7.277,96,4.292,1
3513,14.607,95,3.048,1
3514,0.123,97,2.565,1
3515,13.482,97,5.938,1
3516,13.967,100,0.157,1
3517,14.415,99,2.596,1
3518,0.196,100,6.614,1
3519,2.576,97,0.321,1
3520,9.806,97,0.832,1
3521,0.382,99,2.934,1
3522,0.954,99,8.778,1
3523,3.316,98,7.649,1
3524,7.687,96,0.222,1
3525,8.189,96,5.017,1
3526,0.514,98,2.747,1
3527,2.556,96,6.486,1
3528,7.496,97,7.216,1
3529,8.909,98,8.629,1
3530,2.226,98,4.754,1
3531,5.983,96,9.945,1
3532,13.566,95,9.8,1
3533,14.983,96,8.822,1
3534,14.808,100,5.749,1
3535,13.225,95,3.98,1
3536,5.92,98,3.644,1
3537,10.299,95,0.121,1
3538,6.249,97,2.492,1
3539,9.728,99,7.188,1
3540,4.641,95,6.036,1
3541,9.093,100,9.164,1
3542,7.856,99,0.5,1
3543,0.367,97,1.553,1
3544,11.861,100,7.892,1
3545,0.178,99,3.585,1
3546,4.397,97,1.183,1
3547,0.089,99,9.965,1
3548,5.643,99,7.873,1
3549,0.947,96,4.087,1
3550,13.703,100,8.233,1
3551,6.235,100,6.806,1
3552,6.892,95,7.9,1
3553,5.248,100,8.152,1
3554,9.413,100,0.847,1
3555,11.766,99,6.23,1
3556,9.722,98,0.068,1
3557,11.223,96,0.435,1
3558,13.59,95,9.04,1
3559,12.953,96,5.276,1
3560,10.111,95,7.359,1
3561,3.22,97,8.385,1
3562,9.566,99,9.496,1
3563,7.591,100,8.694,1
3564,10.758,100,4.833,1
3565,12.494,98,3.36,1
3566,11.141,96,1.545,1
3567,12.698,96,4.003,1
3568,0.958,96,3.665,1
3569,0.474,100,5.596,1
3570,3.878,96,6.655,1
3571,13.51,99,9.783,1
3572,12.355,95,7.284,1
3573,10.241,100,6.437,1
3574,10.511,99,3.351,1
3575,10.9,97,0.345,1
3576,14.139,99,2.881,1
3577,12.483,99,7.684,1
3578,9.351,97,2.053,1
3579,9.986,99,7.122,1
3580,3.206,95,5.798,1
3581,9.86,100,1.719,1
3582,6.37,98,2.616,1
3583,2.294,97,4.963,1
3584,12.096,100,4.184,1
3585,7.654,96,7.786,1
3586,14.661,95,7.344,1
3587,4.225,98,5.746,1
3588,7.21,95,8.223,1
3589,6.72,95,5.627,1
3590,1.812,96,9.644,1
3591,6.392,98,2.172,1
3592,4.313,95,7.141,1
3593,2.405,96,3.699,1
3594,4.232,97,2.79,1
3595,3.499,96,1.804,1
3596,11.011,99,5.525,1
3597,0.462,100,2.155,1
3598,9.262,96,2.004,1
3599,11.41,96,9.905,1
3600,7.211,96,8.017,1
3601,13.973,95,7.483,1
3602,10.618,98,7.941,1
3603,11.219,96,9.689,1
3604,2.954,96,5.733,1
3605,11.659,99,2.202,1
3606,12.481,99,8.622,1
3607,5.419,97,7.427,1
3608,3.2,97,4.143,1
3609,5.776,99,4.736,1
3610,11.094,98,4.113,1
3611,6.265,97,9.299,1
3612,11.05,100,3.435,1
3613,1.703,100,9.635,1
3614,12.09,98,9.103,1
3615,3.798,99,6.305,1
3616,3.734,97,5.798,1
3617,8.856,96,3.701,1
3618,1.052,99,0.183,1
3619,0.394,97,1.276,1
3620,3.915,98,7.542,1
3621,8.071,100,4.715,1
3622,13.614,98,1.498,1
3623,12.697,97,2.64,1
3624,7.357,98,9.478,1
3625,0.556,97,3.671,1
3626,8.029,97,9.077,1
3627,10.572,98,3.046,1
3628,5.087,95,5.432,1
3629,1.666,96,0.205,1
3630,4.179,99,5.219,1
3631,11.574,100,6.369,1
3632,5.269,96,2.343,1
3633,12.18,99,5.789,1
3634,4.793,99,6.472,1
3635,2.453,100,6.869,1
3636,6.538,96,7.764,1
3637,6.784,100,3.113,1
3638,0.242,97,5.678,1
3639,1.756,100,9.816,1
3640,2.774,98,8.981,1
3641,1.704,95,9.527,1
3642,5.123,95,3.861,1
3643,14.469,95,7.869,1
3644,7.638,96,6.199,1
3645,9.413,96,0.827,1
3646,5.346,97,8.24,1
3647,4.852,95,6.771,1
3648,0.347,97,1.989,1
3649,7.505,95,0.797,1
3650,7.254,96,8.37,1
3651,2.367,98,0.789,1
3652,11.465,98,0.914,1
3653,7.39,98,4.274,1
3654,5.085,100,1.348,1
3655,2.204,98,9.137,1
3656,8.282,99,4.703,1
3657,11.292,95,5.692,1
3658,4.23,98,9.281,1
3659,3.282,99,5.303,1
3660,7.829,99,3.536,1
3661,2.33,99,7.972,1
3662,9.999,97,4.429,1
3663,9.08,97,3.185,1
3664,1.306,99,7.232,1
3665,0.548,100,8.016,1
3666,9.304,98,7.917,1
3667,4.414,95,9.777,1
3668,1.297,100,7.867,1
3669,11.391,96,7.699,1
3670,4.711,97,8.575,1
3671,6.894,98,0.002,1
3672,3.552,98,3.624,1
3673,9.41,96,7.376,1
3674,4.522,96,5.997,1
3675,14.52,98,1.776,1
3676,10.544,96,3.037,1
3677,2.051,98,3.368,1
3678,6.25,100,5.678,1
3679,5.781,96,8.316,1
3680,8.014,100,9.325,1
3681,12.629,100,7.501,1
3682,8.751,96,8.43,1
3683,0.923,98,4.701,1
3684,9.831,99,3.898,1
3685,0.124,98,3.927,1
3686,11.699,95,6.16,1
3687,10.0,96,1.242,1
3688,4.632,97,5.795,1
3689,4.387,96,6.651,1
3690,11.974,95,4.389,1
3691,11.75,100,9.532,1
3692,5.285,97,6.082,1
3693,4.484,97,2.2,1
3694,8.397,98,4.792,1
3695,0.125,99,6.754,1
3696,1.24,98,3.236,1
3697,1.893,97,0.796,1
3698,2.781,97,5.834,1
3699,7.68,99,9.479,1
3700,14.884,96,4.851,1
3701,9.789,99,9.061,1
3702,0.919,100,8.35,1
3703,7.884,98,1.474,1
3704,7.45,96,7.082,1
3705,2.163,98,4.355,1
3706,13.804,99,2.502,1
3707,6.611,96,6.869,1
3708,14.918,99,7.427,1
3709,6.301,100,1.799,1
3710,9.119,95,9.144,1
3711,1.571,97,7.511,1
3712,6.813,96,9.334,1
3713,3.581,97,3.171,1
3714,12.533,95,9.393,1
3715,11.759,96,3.685,1
3716,12.363,97,0.54,1
3717,10.854,97,7.63,1
3718,12.49,96,7.035,1
3719,3.012,97,5.979,1
3720,6.781,97,4.899,1
3721,10.378,96,0.322,1
3722,9.561,97,6.246,1
3723,10.745,97,4.168,1
3724,3.364,98,5.602,1
3725,1.477,100,4.293,1
3726,13.752,98,9.661,1
3727,8.403,95,6.041,1
3728,2.307,98,7.492,1
3729,11.902,98,9.363,1
3730,13.724,95,5.916,1
3731,2.543,97,0.121,1
3732,12.261,97,0.343,1
3733,13.998,98,7.023,1
3734,14.075,95,2.791,1
3735,13.712,97,5.794,1
3736,8.196,99,2.023,1
3737,5.343,96,2.702,1
3738,0.109,96,5.046,1
3739,0.914,100,9.756,1
3740,6.433,96,6.163,1
3741,5.99,98,9.361,1
3742,2.771,96,9.594,1
3743,5.932,96,2.081,1
3744,2.62,99,3.112,1
3745,12.732,97,7.7,1
3746,4.473,99,8.668,1
3747,8.978,98,5.192,1
3748,7.543,96,9.932,1
3749,0.778,97,0.116,1
3750,14.134,100,2.996,1
3751,7.908,100,6.232,1
3752,4.876,96,4.693,1
3753,2.372,96,1.166,1
3754,5.078,100,3.678,1
3755,0.308,100,0.254,1
3756,5.453,98,6.427,1
3757,7.972,96,8.927,1
3758,13.078,100,8.849,1
3759,10.311,95,6.995,1
3760,1.674,100,4.658,1
3761,2.216,97,5.12,1
3762,6.422,97,1.369,1
3763,2.936,95,3.41,1
3764,0.418,98,1.877,1
3765,12.075,96,8.212,1
3766,0.293,96,9.148,1
3767,12.46,100,5.369,1
3768,2.162,97,7.278,1
3769,14.62,98,1.215,1
3770,9.058,98,6.085,1
3771,11.025,98,7.028,1
3772,1.657,100,4.528,1
3773,12.932,96,2.433,1
3774,12.588,98,8.774,1
3775,9.795,100,7.429,1
3776,7.534,100,8.999,1
3777,10.822,95,8.184,1
3778,0.089,99,9.904,1
3779,8.887,98,1.922,1
3780,12.711,99,0.867,1
3781,5.353,96,3.37,1
3782,1.624,100,1.29,1
3783,6.313,98,5.231,1
3784,10.907,97,6.33,1
3785,1.61,96,5.783,1
3786,3.091,95,2.592,1
3787,2.213,95,9.088,1
3788,11.954,99,0.212,1
3789,0.943,100,3.48,1
3790,10.299,99,7.19,1
3791,5.497,97,7.669,1
3792,11.337,97,4.161,1
3793,14.466,95,0.169,1
3794,1.718,98,6.18,1
3795,4.716,95,0.631,1
3796,12.152,95,1.079,1
3797,3.992,97,6.503,1
3798,3.227,99,3.125,1
3799,12.381,97,3.48,1
3800,14.806,100,4.868,1
3801,8.353,97,9.786,1
3802,4.171,97,9.654,1
3803,5.978,95,4.163,1
3804,2.552,98,2.655,1
3805,11.428,95,3.026,1
3806,11.602,96,2.688,1
3807,13.127,97,5.322,1
3808,0.399,97,6.069,1
3809,8.43,96,4.888,1
3810,3.214,97,4.08,1
3811,5.113,97,2.113,1
3812,11.774,100,4.825,1
3813,2.881,97,3.411,1
3814,9.575,96,5.416,1
3815,9.818,95,6.752,1
3816,14.311,97,6.333,1
3817,11.627,98,4.625,1
3818,12.055,96,5.561,1
3819,7.974,99,2.849,1
3820,2.802,100,0.242,1
3821,6.383,96,6.25,1
3822,8.242,95,2.526,1
3823,10.176,96,6.69,1
3824,9.116,99,7.47,1
3825,5.91,100,9.159,1
3826,3.98,98,9.581,1
3827,2.523,99,0.105,1
3828,10.408,96,9.904,1
3829,9.681,99,6.83,1
3830,10.311,96,6.435,1
3831,5.588,98,0.152,1
3832,3.936,98,8.612,1
3833,11.396,95,1.455,1
3834,11.605,98,8.373,1
3835,6.834,97,0.156,1
3836,9.179,99,6.46,1
3837,5.603,99,4.348,1
3838,10.529,96,2.008,1
3839,12.536,98,1.076,1
3840,10.323,95,4.401,1
3841,7.689,95,1.233,1
3842,6.88,95,4.864,1
3843,9.635,100,6.252,1
3844,10.197,97,8.274,1
3845,8.381,98,6.786,1
3846,9.374,95,0.652,1
3847,1.449,97,3.074,1
3848,14.276,99,2.88,1
3849,11.862,96,9.15,1
3850,5.609,98,8.678,1
3851,8.442,98,3.701,1
3852,0.71,100,0.712,1
3853,0.618,99,8.941,1
3854,3.762,98,8.882,1
3855,10.346,100,8.547,1
3856,12.782,100,8.451,1
3857,8.388,100,4.803,1
3858,7.982,98,1.774,1
3859,6.035,98,4.775,1
3860,2.424,98,4.946,1
3861,1.775,97,4.899,1
3862,11.41,100,5.388,1
3863,13.913,97,2.577,1
3864,6.874,96,3.662,1
3865,9.892,98,4.342,1
3866,13.717,99,1.311,1
3867,1.352,95,4.554,1
3868,11.557,96,8.105,1
3869,9.252,95,8.281,1
3870,8.98,95,4.116,1
3871,4.388,98,5.188,1
3872,10.258,99,0.337,1
3873,11.922,95,6.744,1
3874,1.693,100,4.046,1
3875,8.003,95,4.455,1
3876,1.519,96,8.737,1
3877,13.089,99,4.618,1
3878,7.615,99,0.212,1
3879,12.119,95,2.275,1
3880,5.521,99,4.756,1
3881,1.876,96,4.244,1
3882,0.622,96,8.604,1
3883,4.223,96,5.421,1
3884,3.664,100,6.896,1
3885,8.405,98,4.693,1
3886,0.326,95,4.397,1
3887,7.809,99,4.463,1
3888,5.877,96,4.109,1
3889,8.657,95,5.386,1
3890,10.536,95,2.504,1
3891,9.511,98,8.911,1
3892,14.77,100,3.331,1
3893,2.074,99,1.475,1
3894,6.446,100,0.966,1
3895,6.372,99,0.134,1
3896,6.256,96,4.229,1
3897,9.957,96,1.876,1
3898,7.347,95,0.216,1
3899,7.761,99,5.2,1
3900,6.485,99,6.8,1
3901,14.875,100,0.858,1
3902,13.913,96,4.609,1
3903,4.616,97,7.436,1
3904,1.674,95,9.858,1
3905,12.596,99,6.672,1
3906,14.958,98,2.448,1
3907,4.389,98,7.166,1
3908,5.367,97,5.979,1
3909,14.124,96,2.118,1
3910,10.667,96,8.511,1
3911,4.435,96,4.274,1
3912,8.716,100,9.62,1
3913,14.163,98,7.229,1
3914,12.177,96,6.446,1
3915,11.127,98,7.284,1
3916,11.055,97,4.781,1
3917,2.67,95,5.052,1
3918,12.37,100,8.512,1
3919,4.142,99,6.809,1
3920,13.955,97,8.972,1
3921,5.47,98,8.908,1
3922,12.865,97,9.765,1
3923,3.994,99,7.002,1
3924,7.718,100,5.023,1
3925,1.603,95,1.663,1
3926,9.902,99,7.054,1
3927,12.541,100,2.916,1
3928,10.777,98,2.829,1
3929,7.849,99,2.383,1
3930,0.677,97,8.751,1
3931,14.002,96,8.68,1
3932,10.582,97,6.31,1
3933,11.188,98,4.73,1
3934,11.92,95,6.721,1
3935,11.216,99,6.072,1
3936,6.617,95,4.157,1
3937,11.004,98,3.796,1
3938,9.375,99,3.828,1
3939,12.81,100,5.891,1
3940,12.037,100,6.477,1
3941,0.621,97,4.517,1
3942,5.683,97,9.687,1
3943,0.521,98,0.838,1
3944,1.531,100,3.47,1
3945,9.021,99,4.191,1
3946,13.107,100,0.169,1
3947,1.797,97,3.65,1
3948,6.766,98,2.737,1
3949,13.663,100,5.06,1
3950,12.215,98,3.364,1
3951,7.795,100,7.262,1
3952,11.574,95,5.099,1
3953,7.84,100,1.298,1
3954,2.371,97,7.501,1
3955,1.871,99,0.992,1
3956,2.826,97,8.39,1
3957,5.264,97,9.314,1
3958,13.958,97,3.224,1
3959,11.995,98,9.261,1
3960,6.492,96,7.93,1
3961,7.396,96,9.224,1
3962,3.984,95,6.663,1
3963,10.565,97,2.356,1
3964,12.041,96,8.945,1
3965,3.584,95,1.843,1
3966,0.627,98,2.131,1
3967,9.358,97,2.711,1
3968,8.438,99,3.042,1
3969,6.032,98,5.145,1
3970,9.658,95,7.135,1
3971,8.259,98,9.262,1
3972,3.759,99,0.884,1
3973,5.966,98,9.544,1
3974,6.422,95,9.213,1
3975,13.204,99,0.54,1
3976,14.414,99,3.603,1
3977,13.395,98,8.131,1
3978,10.788,99,6.116,1
3979,8.775,98,7.791,1
3980,10.339,97,7.19,1
3981,14.087,99,4.968,1
3982,3.75,98,0.412,1
3983,8.027,97,5.843,1
3984,10.344,99,0.486,1
3985,10.189,97,6.037,1
3986,3.784,100,8.004,1
3987,8.801,99,5.85,1
3988,11.939,100,9.97,1
3989,7.126,95,4.559,1
3990,11.899,95,7.488,1
3991,5.398,98,6.672,1
3992,14.081,96,9.914,1
3993,8.009,100,7.132,1
3994,8.939,100,1.64,1
3995,0.47,95,9.555,1
3996,2.554,100,6.678,1
3997,9.494,96,0.593,1
3998,6.298,97,6.576,1
3999,7.622,97,8.831,1
4000,0.945,96,5.77,1
4001,12.512,100,3.54,1
4002,11.768,100,8.209,1
4003,2.78,100,7.825,1
4004,9.515,98,5.442,1
4005,12.275,99,1.544,1
4006,9.613,96,2.51,1
4007,4.656,96,7.385,1
4008,9.842,96,8.061,1
4009,3.157,96,2.793,1
4010,4.774,96,3.68,1
4011,3.601,100,0.776,1
4012,8.354,98,7.135,1
4013,1.623,95,0.036,1
4014,14.0,100,0.465,1
4015,5.003,100,0.043,1
4016,3.285,99,6.453,1
4017,7.448,95,4.174,1
4018,4.155,96,2.975,1
4019,8.024,95,9.127,1
4020,5.228,98,1.928,1
4021,1.981,97,3.894,1
4022,3.988,100,9.403,1
4023,6.577,95,4.271,1
4024,0.454,99,5.547,1
4025,11.56,98,0.803,1
4026,9.327,97,7.902,1
4027,9.02,98,4.228,1
4028,8.191,96,8.005,1
4029,8.855,97,2.538,1
4030,14.02,99,4.225,1
4031,0.129,97,7.865,1
4032,0.717,99,9.739,1
4033,2.872,96,0.596,1
4034,2.51,99,8.125,1
4035,2.718,98,3.007,1
4036,10.079,95,5.507,1
4037,6.892,98,2.901,1
4038,14.877,100,6.134,1
4039,3.403,98,3.538,1
4040,4.662,97,3.336,1
4041,14.764,96,0.379,1
4042,12.476,100,1.47,1
4043,7.047,100,9.171,1
4044,8.319,100,9.983,1
4045,12.648,95,7.805,1
4046,7.215,99,2.868,1
4047,3.09,97,4.024,1
4048,12.427,96,7.395,1
4049,8.067,95,9.685,1
4050,2.296,98,4.555,1
4051,7.584,96,8.295,1
4052,6.198,100,9.751,1
4053,13.153,96,8.735,1
4054,1.891,96,2.271,1
4055,13.128,98,0.08,1
4056,7.683,99,4.921,1
4057,6.065,97,5.314,1
4058,2.43,100,2.013,1
4059,10.512,99,2.847,1
4060,13.902,95,7.652,1
4061,5.631,100,4.703,1
4062,3.624,97,3.174,1
4063,8.323,95,6.226,1
4064,11.943,98,6.528,1
4065,0.057,99,7.694,1
4066,9.471,100,1.567,1
4067,8.948,96,7.415,1
4068,4.772,97,5.994,1
4069,6.771,100,0.576,1
4070,3.704,96,7.774,1
4071,11.848,100,3.831,1
4072,9.518,95,3.304,1
4073,7.991,96,4.481,1
4074,5.888,96,3.462,1
4075,4.371,100,3.383,1
4076,12.341,98,8.081,1
4077,6.771,98,1.245,1
4078,7.522,99,9.706,1
4079,7.812,95,5.549,1
4080,6.726,98,1.829,1
4081,3.841,100,1.312,1
4082,1.805,98,5.915,1
4083,1.478,99,6.33,1
4084,11.362,97,0.53,1
4085,3.353,99,2.43,1
4086,0.835,96,7.955,1
4087,11.963,96,0.496,1
4088,2.311,98,8.551,1
4089,9.377,98,6.582,1
4090,5.08,99,4.344,1
4091,1.897,99,3.464,1
4092,6.217,100,0.192,1
4093,0.222,95,8.252,1
4094,12.616,100,1.427,1
4095,7.702,96,3.095,1
4096,2.087,100,5.691,1
4097,3.555,99,2.46,1
4098,6.72,100,4.971,1
4099,2.833,97,8.093,1
4100,4.029,95,4.705,1
4101,8.016,99,9.49,1
4102,12.489,98,8.475,1
4103,6.028,100,3.33,1
4104,10.755,99,4.0,1
4105,13.15,98,4.233,1
4106,3.245,98,6.262,1
4107,12.108,96,2.868,1
4108,11.361,96,9.692,1
4109,5.354,99,6.087,1
4110,14.843,99,3.994,1
4111,3.939,97,6.45,1
4112,3.822,95,3.954,1
4113,11.584,95,8.178,1
4114,6.52,99,5.678,1
4115,4.962,96,0.42,1
4116,2.68,100,1.768,1
4117,11.48,97,8.65,1
4118,11.795,95,5.629,1
4119,8.498,99,9.503,1
4120,14.36,96,0.724,1
4121,4.772,96,2.953,1
4122,3.294,96,1.935,1
4123,10.162,100,5.538,1
4124,11.376,98,3.828,1
4125,3.374,100,1.573,1
4126,1.149,96,6.428,1
4127,12.158,99,5.363,1
4128,14.648,97,2.747,1
4129,9.67,100,4.798,1
4130,4.168,99,7.457,1
4131,14.95,96,2.053,1
4132,13.399,97,2.929,1
4133,7.701,95,3.461,1
4134,12.38,95,7.467,1
4135,12.237,99,8.469,1
4136,14.022,97,3.764,1
4137,12.614,99,2.966,1
4138,9.655,97,8.894,1
4139,9.14,97,9.994,1
4140,7.01,99,6.704,1
4141,9.397,97,9.9,1
4142,11.928,100,6.6,1
4143,14.536,96,7.335,1
4144,7.009,97,3.887,1
4145,8.605,100,4.33,1
4146,6.672,97,1.441,1
4147,10.027,100,8.228,1
4148,9.449,99,9.311,1
4149,0.268,95,6.234,1
4150,8.117,98,3.436,1
4151,1.327,97,1.54,1
4152,0.396,98,2.652,1
4153,11.868,97,2.554,1
4154,3.88,99,6.135,1
4155,5.11,99,9.45,1
4156,0.961,100,0.483,1
4157,2.693,97,0.01,1
4158,11.484,99,6.002,1
4159,7.403,99,2.841,1
4160,13.21,97,8.805,1
4161,5.959,100,3.273,1
4162,4.031,100,2.897,1
4163,5.214,100,2.695,1
4164,10.692,100,1.449,1
4165,8.325,95,5.815,1
4166,13.563,97,1.682,1
4167,9.033,95,4.246,1
4168,7.395,99,4.61,1
4169,11.786,95,0.205,1
4170,14.213,100,0.168,1
4171,5.338,99,5.202,1
4172,3.748,95,6.96,1
4173,9.243,95,9.421,1
4174,7.483,97,1.791,1
4175,14.838,95,1.033,1
4176,6.935,99,0.521,1
4177,1.115,100,4.36,1
4178,14.661,97,6.231,1
4179,12.654,95,8.406,1
4180,2.674,97,6.826,1
4181,13.569,98,2.084,1
4182,5.11,97,4.618,1
4183,5.657,100,9.103,1
4184,13.596,98,3.267,1
4185,7.952,98,4.987,1
4186,2.066,97,9.586,1
4187,5.536,99,7.347,1
4188,10.831,100,7.477,1
4189,2.613,99,2.523,1
4190,8.853,100,4.147,1
4191,10.429,100,0.823,1
4192,5.158,99,6.065,1
4193,10.408,96,1.037,1
4194,13.263,98,8.359,1
4195,7.082,97,8.146,1
4196,5.744,99,5.336,1
4197,3.767,99,1.412,1
4198,9.063,97,0.256,1
4199,13.198,98,7.967,1
4200,4.87,97,6.001,1
4201,5.944,100,7.109,1
4202,6.099,96,3.038,1
4203,8.412,100,5.095,1
4204,3.426,96,7.472,1
4205,12.333,97,4.626,1
4206,4.434,100,6.014,1
4207,10.58,98,7.897,1
4208,7.698,100,2.152,1
4209,8.788,99,0.659,1
4210,2.694,96,5.318,1
4211,11.025,96,0.621,1
4212,2.829,98,7.666,1
4213,1.702,96,7.192,1
4214,8.2,96,8.817,1
4215,10.639,98,6.396,1
4216,0.751,100,0.672,1
4217,1.041,97,2.532,1
4218,12.04,100,8.079,1
4219,12.135,99,1.671,1
4220,3.68,99,6.985,1
4221,9.228,96,7.803,1
4222,6.648,99,3.301,1
4223,9.49,97,3.223,1
4224,12.943,96,5.578,1
4225,1.198,99,8.613,1
4226,11.67,95,2.239,1
4227,7.395,95,9.413,1
4228,8.462,95,5.991,1
4229,9.809,95,9.921,1
4230,13.839,100,0.896,1
4231,0.851,95,1.266,1
4232,0.442,96,8.266,1
4233,2.674,98,8.648,1
4234,14.797,100,4.455,1
